,id,terrestrial_date,sol,ls,month,min_temp,pressure
0,,,,,,,
1,2.0,2012-08-16,10.0,155.0,6.0,-75.0,739.0
2,13.0,2012-08-17,11.0,156.0,6.0,-76.0,740.0
3,24.0,2012-08-18,12.0,156.0,6.0,-76.0,741.0
4,35.0,2012-08-19,13.0,157.0,6.0,-74.0,732.0
5,46.0,2012-08-20,14.0,157.0,6.0,-74.0,740.0
6,57.0,2012-08-21,15.0,158.0,6.0,-78.0,740.0
7,68.0,2012-08-22,16.0,158.0,6.0,-77.0,740.0
8,79.0,2012-08-23,17.0,159.0,6.0,-76.0,742.0
9,112.0,2012-08-27,21.0,161.0,6.0,-74.0,741.0
10,114.0,2012-08-28,22.0,162.0,6.0,-74.0,742.0
11,123.0,2012-08-29,23.0,162.0,6.0,-75.0,741.0
12,134.0,2012-08-30,24.0,163.0,6.0,-75.0,742.0
13,145.0,2012-08-31,25.0,163.0,6.0,-75.0,743.0
14,156.0,2012-09-01,26.0,164.0,6.0,-76.0,745.0
15,163.0,2012-09-02,27.0,164.0,6.0,-75.0,743.0
16,170.0,2012-09-03,28.0,165.0,6.0,-75.0,745.0
17,171.0,2012-09-04,29.0,166.0,6.0,-75.0,747.0
18,172.0,2012-09-05,30.0,166.0,6.0,-74.0,747.0
19,173.0,2012-09-06,31.0,167.0,6.0,-74.0,745.0
20,175.0,2012-09-08,33.0,168.0,6.0,-73.0,748.0
21,176.0,2012-09-10,34.0,168.0,6.0,-73.0,748.0
22,177.0,2012-09-11,35.0,169.0,6.0,-73.0,749.0
23,178.0,2012-09-12,36.0,169.0,6.0,-73.0,750.0
24,179.0,2012-09-13,37.0,170.0,6.0,-73.0,750.0
25,180.0,2012-09-14,38.0,171.0,6.0,-73.0,750.0
26,181.0,2012-09-15,39.0,171.0,6.0,-75.0,751.0
27,182.0,2012-09-16,40.0,172.0,6.0,-75.0,753.0
28,183.0,2012-09-17,41.0,172.0,6.0,-75.0,753.0
29,184.0,2012-09-18,42.0,173.0,6.0,-75.0,754.0
30,185.0,2012-09-19,43.0,173.0,6.0,-74.0,756.0
31,186.0,2012-09-20,44.0,174.0,6.0,-75.0,757.0
32,187.0,2012-09-21,45.0,175.0,6.0,-74.0,758.0
33,188.0,2012-09-22,46.0,175.0,6.0,-74.0,758.0
34,189.0,2012-09-23,47.0,176.0,6.0,-75.0,758.0
35,190.0,2012-09-24,48.0,176.0,6.0,-75.0,759.0
36,191.0,2012-09-25,49.0,177.0,6.0,-74.0,761.0
37,192.0,2012-09-26,50.0,177.0,6.0,-72.0,761.0
38,193.0,2012-09-27,51.0,178.0,6.0,-76.0,762.0
39,194.0,2012-09-28,52.0,179.0,6.0,-74.0,762.0
40,195.0,2012-09-29,53.0,179.0,6.0,-71.0,764.0
41,196.0,2012-09-30,54.0,180.0,7.0,-72.0,766.0
42,197.0,2012-10-01,55.0,180.0,7.0,-74.0,766.0
43,198.0,2012-10-02,56.0,181.0,7.0,-73.0,768.0
44,199.0,2012-10-03,57.0,181.0,7.0,-73.0,769.0
45,200.0,2012-10-04,58.0,182.0,7.0,-74.0,769.0
46,201.0,2012-10-05,59.0,183.0,7.0,-76.0,771.0
47,202.0,2012-10-06,60.0,183.0,7.0,-75.0,772.0
48,203.0,2012-10-07,61.0,184.0,7.0,-72.0,772.0
49,204.0,2012-10-08,62.0,184.0,7.0,-72.0,774.0
50,205.0,2012-10-09,63.0,185.0,7.0,-73.0,775.0
51,206.0,2012-10-10,64.0,186.0,7.0,-74.0,776.0
52,207.0,2012-10-11,65.0,186.0,7.0,-72.0,777.0
53,208.0,2012-10-12,66.0,187.0,7.0,-73.0,778.0
54,209.0,2012-10-13,67.0,187.0,7.0,-73.0,780.0
55,210.0,2012-10-14,68.0,188.0,7.0,-71.0,781.0
56,211.0,2012-10-15,69.0,189.0,7.0,-73.0,778.0
57,212.0,2012-10-17,70.0,189.0,7.0,-72.0,783.0
58,213.0,2012-10-18,71.0,190.0,7.0,-71.0,784.0
59,214.0,2012-10-19,72.0,190.0,7.0,-73.0,785.0
60,215.0,2012-10-20,73.0,191.0,7.0,-70.0,788.0
61,216.0,2012-10-21,74.0,192.0,7.0,-72.0,790.0
62,217.0,2012-10-22,75.0,192.0,7.0,-73.0,791.0
63,218.0,2012-10-23,76.0,193.0,7.0,-73.0,792.0
64,219.0,2012-10-24,77.0,193.0,7.0,-71.0,792.0
65,220.0,2012-10-25,78.0,194.0,7.0,-71.0,793.0
66,221.0,2012-10-26,79.0,195.0,7.0,-73.0,795.0
67,222.0,2012-10-27,80.0,195.0,7.0,-70.0,796.0
68,223.0,2012-10-28,81.0,196.0,7.0,-72.0,798.0
69,224.0,2012-10-29,82.0,196.0,7.0,-72.0,799.0
70,225.0,2012-10-30,83.0,197.0,7.0,-72.0,801.0
71,226.0,2012-10-31,84.0,198.0,7.0,-70.0,801.0
72,227.0,2012-11-01,85.0,198.0,7.0,-71.0,805.0
73,228.0,2012-11-02,86.0,199.0,7.0,-71.0,808.0
74,229.0,2012-11-03,87.0,199.0,7.0,-70.0,808.0
75,230.0,2012-11-04,88.0,200.0,7.0,-70.0,811.0
76,231.0,2012-11-05,89.0,201.0,7.0,-73.0,813.0
77,233.0,2012-11-06,90.0,201.0,7.0,-71.0,813.0
78,234.0,2012-11-07,91.0,202.0,7.0,-74.0,817.0
79,235.0,2012-11-08,92.0,202.0,7.0,-74.0,820.0
80,236.0,2012-11-09,93.0,203.0,7.0,-72.0,819.0
81,237.0,2012-11-10,94.0,204.0,7.0,-70.0,822.0
82,238.0,2012-11-11,95.0,204.0,7.0,-68.0,822.0
83,239.0,2012-11-12,96.0,205.0,7.0,-71.0,826.0
84,240.0,2012-11-13,97.0,206.0,7.0,-68.0,828.0
85,241.0,2012-11-14,98.0,206.0,7.0,-68.0,828.0
86,242.0,2012-11-15,99.0,207.0,7.0,-68.0,829.0
87,3.0,2012-11-16,100.0,207.0,7.0,-66.0,829.0
88,4.0,2012-11-17,101.0,208.0,7.0,-65.0,830.0
89,5.0,2012-11-18,102.0,209.0,7.0,-67.0,833.0
90,6.0,2012-11-19,103.0,209.0,7.0,-66.0,836.0
91,7.0,2012-11-20,104.0,210.0,8.0,-67.0,838.0
92,8.0,2012-11-21,105.0,211.0,8.0,-66.0,839.0
93,9.0,2012-11-23,106.0,211.0,8.0,-66.0,841.0
94,10.0,2012-11-24,107.0,212.0,8.0,-66.0,844.0
95,11.0,2012-11-25,108.0,212.0,8.0,-65.0,845.0
96,12.0,2012-11-26,109.0,213.0,8.0,-64.0,844.0
97,14.0,2012-11-27,110.0,214.0,8.0,-65.0,848.0
98,15.0,2012-11-28,111.0,214.0,8.0,-66.0,849.0
99,16.0,2012-11-29,112.0,215.0,8.0,-65.0,852.0
100,17.0,2012-11-30,113.0,216.0,8.0,-66.0,857.0
101,18.0,2012-12-01,114.0,216.0,8.0,-69.0,857.0
102,19.0,2012-12-02,115.0,217.0,8.0,-66.0,857.0
103,20.0,2012-12-03,116.0,217.0,8.0,-67.0,859.0
104,21.0,2012-12-04,117.0,218.0,8.0,-66.0,861.0
105,22.0,2012-12-05,118.0,219.0,8.0,-65.0,864.0
106,23.0,2012-12-06,119.0,219.0,8.0,-66.0,866.0
107,25.0,2012-12-07,120.0,220.0,8.0,-67.0,867.0
108,26.0,2012-12-08,121.0,221.0,8.0,-66.0,869.0
109,27.0,2012-12-09,122.0,221.0,8.0,-65.0,869.0
110,28.0,2012-12-10,123.0,222.0,8.0,-66.0,875.0
111,29.0,2012-12-11,124.0,223.0,8.0,-66.0,876.0
112,30.0,2012-12-12,125.0,223.0,8.0,-68.0,880.0
113,31.0,2012-12-13,126.0,224.0,8.0,-66.0,880.0
114,32.0,2012-12-14,127.0,224.0,8.0,-67.0,884.0
115,33.0,2012-12-15,128.0,225.0,8.0,-67.0,883.0
116,34.0,2012-12-16,129.0,226.0,8.0,-65.0,886.0
117,36.0,2012-12-17,130.0,226.0,8.0,-65.0,888.0
118,37.0,2012-12-18,131.0,227.0,8.0,-65.0,889.0
119,38.0,2012-12-19,132.0,228.0,8.0,-65.0,890.0
120,39.0,2012-12-20,133.0,228.0,8.0,-65.0,891.0
121,40.0,2012-12-21,134.0,229.0,8.0,-67.0,893.0
122,41.0,2012-12-22,135.0,230.0,8.0,-65.0,894.0
123,42.0,2012-12-23,136.0,230.0,8.0,-65.0,897.0
124,43.0,2012-12-24,137.0,231.0,8.0,-64.0,896.0
125,44.0,2012-12-25,138.0,232.0,8.0,-65.0,899.0
126,45.0,2012-12-26,139.0,232.0,8.0,-66.0,899.0
127,47.0,2012-12-27,140.0,233.0,8.0,-66.0,903.0
128,48.0,2012-12-28,141.0,233.0,8.0,-64.0,904.0
129,49.0,2012-12-29,142.0,234.0,8.0,-65.0,906.0
130,50.0,2012-12-31,143.0,235.0,8.0,-63.0,908.0
131,51.0,2013-01-01,144.0,235.0,8.0,-64.0,907.0
132,52.0,2013-01-02,145.0,236.0,8.0,-64.0,909.0
133,53.0,2013-01-03,146.0,237.0,8.0,-65.0,908.0
134,54.0,2013-01-04,147.0,237.0,8.0,-65.0,914.0
135,55.0,2013-01-05,148.0,238.0,8.0,-65.0,912.0
136,56.0,2013-01-06,149.0,239.0,8.0,-65.0,914.0
137,58.0,2013-01-07,150.0,239.0,8.0,-64.0,913.0
138,59.0,2013-01-08,151.0,240.0,9.0,-65.0,915.0
139,60.0,2013-01-09,152.0,241.0,9.0,-63.0,914.0
140,61.0,2013-01-10,153.0,241.0,9.0,-65.0,915.0
141,62.0,2013-01-11,154.0,242.0,9.0,-65.0,917.0
142,63.0,2013-01-12,155.0,243.0,9.0,-64.0,917.0
143,64.0,2013-01-13,156.0,243.0,9.0,-65.0,922.0
144,65.0,2013-01-14,157.0,244.0,9.0,-64.0,920.0
145,66.0,2013-01-15,158.0,245.0,9.0,-66.0,922.0
146,67.0,2013-01-16,159.0,245.0,9.0,-65.0,918.0
147,69.0,2013-01-17,160.0,246.0,9.0,-67.0,919.0
148,70.0,2013-01-18,161.0,246.0,9.0,-65.0,919.0
149,71.0,2013-01-19,162.0,247.0,9.0,-65.0,919.0
150,72.0,2013-01-20,163.0,248.0,9.0,-65.0,919.0
151,73.0,2013-01-21,164.0,248.0,9.0,-64.0,919.0
152,74.0,2013-01-22,165.0,249.0,9.0,-65.0,922.0
153,75.0,2013-01-23,166.0,250.0,9.0,-65.0,922.0
154,76.0,2013-01-24,167.0,250.0,9.0,-65.0,920.0
155,77.0,2013-01-25,168.0,251.0,9.0,-66.0,923.0
156,78.0,2013-01-26,169.0,252.0,9.0,-66.0,922.0
157,80.0,2013-01-27,170.0,252.0,9.0,-66.0,925.0
158,81.0,2013-01-28,171.0,253.0,9.0,-67.0,925.0
159,82.0,2013-01-29,172.0,254.0,9.0,-67.0,923.0
160,83.0,2013-01-30,173.0,254.0,9.0,-67.0,920.0
161,84.0,2013-01-31,174.0,255.0,9.0,-67.0,921.0
162,85.0,2013-02-01,175.0,256.0,9.0,-68.0,921.0
163,86.0,2013-02-02,176.0,256.0,9.0,-67.0,920.0
164,87.0,2013-02-03,177.0,257.0,9.0,-66.0,921.0
165,88.0,2013-02-04,178.0,258.0,9.0,-66.0,920.0
166,89.0,2013-02-06,179.0,258.0,9.0,-66.0,920.0
167,91.0,2013-02-07,180.0,259.0,9.0,-67.0,919.0
168,92.0,2013-02-08,181.0,260.0,9.0,-67.0,918.0
169,93.0,2013-02-09,182.0,260.0,9.0,-67.0,921.0
170,94.0,2013-02-10,183.0,261.0,9.0,-67.0,921.0
171,95.0,2013-02-11,184.0,261.0,9.0,-67.0,923.0
172,96.0,2013-02-12,185.0,262.0,9.0,-67.0,923.0
173,97.0,2013-02-13,186.0,263.0,9.0,-66.0,922.0
174,98.0,2013-02-14,187.0,263.0,9.0,-67.0,921.0
175,99.0,2013-02-15,188.0,264.0,9.0,-68.0,920.0
176,100.0,2013-02-16,189.0,265.0,9.0,-68.0,920.0
177,102.0,2013-02-17,190.0,265.0,9.0,-66.0,917.0
178,103.0,2013-02-18,191.0,266.0,9.0,-67.0,921.0
179,106.0,2013-02-23,196.0,269.0,9.0,-66.0,916.0
180,107.0,2013-02-24,197.0,270.0,10.0,-68.0,915.0
181,108.0,2013-02-25,198.0,271.0,10.0,-67.0,914.0
182,109.0,2013-02-26,199.0,271.0,10.0,-66.0,917.0
183,116.0,2013-03-23,223.0,287.0,10.0,-71.0,895.0
184,117.0,2013-03-24,224.0,287.0,10.0,-69.0,894.0
185,118.0,2013-03-25,225.0,288.0,10.0,-71.0,894.0
186,119.0,2013-03-26,226.0,288.0,10.0,-70.0,894.0
187,120.0,2013-03-27,227.0,289.0,10.0,-70.0,892.0
188,121.0,2013-03-28,228.0,290.0,10.0,-71.0,894.0
189,122.0,2013-03-29,229.0,290.0,10.0,-69.0,894.0
190,124.0,2013-03-30,230.0,291.0,10.0,-69.0,888.0
191,125.0,2013-03-31,231.0,292.0,10.0,-71.0,890.0
192,126.0,2013-04-01,232.0,292.0,10.0,-69.0,888.0
193,127.0,2013-04-02,233.0,293.0,10.0,-69.0,889.0
194,128.0,2013-04-03,234.0,293.0,10.0,-69.0,890.0
195,129.0,2013-04-04,235.0,294.0,10.0,-70.0,886.0
196,130.0,2013-04-05,236.0,295.0,10.0,-72.0,886.0
197,131.0,2013-04-06,237.0,295.0,10.0,-71.0,883.0
198,132.0,2013-04-07,238.0,296.0,10.0,-70.0,885.0
199,133.0,2013-04-08,239.0,297.0,10.0,-73.0,885.0
200,135.0,2013-04-09,240.0,297.0,10.0,-70.0,884.0
201,136.0,2013-04-10,241.0,298.0,10.0,-72.0,884.0
202,137.0,2013-04-11,242.0,298.0,10.0,-70.0,881.0
203,138.0,2013-04-12,243.0,299.0,10.0,-71.0,884.0
204,139.0,2013-04-13,244.0,300.0,11.0,-69.0,878.0
205,140.0,2013-04-14,245.0,300.0,11.0,-70.0,879.0
206,141.0,2013-04-15,246.0,301.0,11.0,-73.0,878.0
207,142.0,2013-04-16,247.0,301.0,11.0,-71.0,873.0
208,143.0,2013-04-17,248.0,302.0,11.0,-70.0,877.0
209,144.0,2013-04-18,249.0,303.0,11.0,-69.0,873.0
210,146.0,2013-04-19,250.0,303.0,11.0,-70.0,877.0
211,147.0,2013-04-20,251.0,304.0,11.0,-71.0,876.0
212,148.0,2013-04-22,252.0,304.0,11.0,-71.0,874.0
213,149.0,2013-04-23,253.0,305.0,11.0,-71.0,877.0
214,150.0,2013-04-24,254.0,306.0,11.0,-70.0,871.0
215,151.0,2013-04-25,255.0,306.0,11.0,-69.0,877.0
216,152.0,2013-04-26,256.0,307.0,11.0,-70.0,871.0
217,153.0,2013-04-27,257.0,308.0,11.0,-70.0,871.0
218,154.0,2013-04-28,258.0,308.0,11.0,-71.0,869.0
219,155.0,2013-04-29,259.0,309.0,11.0,-72.0,871.0
220,157.0,2013-04-30,260.0,309.0,11.0,-70.0,875.0
221,158.0,2013-05-01,261.0,310.0,11.0,-70.0,868.0
222,161.0,2013-05-08,268.0,314.0,11.0,-70.0,864.0
223,162.0,2013-05-09,269.0,315.0,11.0,-72.0,866.0
224,164.0,2013-05-10,270.0,315.0,11.0,-67.0,863.0
225,165.0,2013-05-11,271.0,316.0,11.0,-69.0,864.0
226,166.0,2013-05-12,272.0,316.0,11.0,-71.0,864.0
227,167.0,2013-05-13,273.0,317.0,11.0,-70.0,861.0
228,168.0,2013-05-14,274.0,318.0,11.0,-70.0,861.0
229,169.0,2013-05-15,275.0,318.0,11.0,-67.0,860.0
230,244.0,2013-05-16,276.0,319.0,11.0,-69.0,858.0
231,245.0,2013-05-17,277.0,319.0,11.0,-69.0,857.0
232,246.0,2013-05-18,278.0,320.0,11.0,-67.0,855.0
233,247.0,2013-05-19,279.0,321.0,11.0,-68.0,856.0
234,248.0,2013-05-20,280.0,321.0,11.0,-69.0,856.0
235,249.0,2013-05-21,281.0,322.0,11.0,-68.0,855.0
236,250.0,2013-05-22,282.0,322.0,11.0,-72.0,856.0
237,251.0,2013-05-23,283.0,323.0,11.0,-68.0,854.0
238,252.0,2013-05-24,284.0,323.0,11.0,-71.0,854.0
239,253.0,2013-05-25,285.0,324.0,11.0,-70.0,852.0
240,254.0,2013-05-26,286.0,325.0,11.0,-71.0,854.0
241,255.0,2013-05-27,287.0,325.0,11.0,-72.0,856.0
242,256.0,2013-05-29,288.0,326.0,11.0,-69.0,854.0
243,257.0,2013-05-30,289.0,326.0,11.0,-71.0,854.0
244,258.0,2013-05-31,290.0,327.0,11.0,-71.0,853.0
245,259.0,2013-06-01,291.0,327.0,11.0,-70.0,853.0
246,260.0,2013-06-02,292.0,328.0,11.0,-71.0,853.0
247,261.0,2013-06-03,293.0,329.0,11.0,-72.0,850.0
248,262.0,2013-06-04,294.0,329.0,11.0,-72.0,852.0
249,263.0,2013-06-05,295.0,330.0,12.0,-71.0,853.0
250,264.0,2013-06-06,296.0,330.0,12.0,-71.0,850.0
251,265.0,2013-06-07,297.0,331.0,12.0,-72.0,849.0
252,266.0,2013-06-08,298.0,331.0,12.0,-72.0,850.0
253,267.0,2013-06-09,299.0,332.0,12.0,-71.0,849.0
254,286.0,2013-06-10,300.0,333.0,12.0,-72.0,852.0
255,276.0,2013-06-11,301.0,333.0,12.0,-73.0,852.0
256,287.0,2013-06-12,302.0,334.0,12.0,-71.0,850.0
257,283.0,2013-06-13,303.0,334.0,12.0,-71.0,849.0
258,281.0,2013-06-14,304.0,335.0,12.0,-70.0,848.0
259,275.0,2013-06-15,305.0,335.0,12.0,-71.0,847.0
260,280.0,2013-06-16,306.0,336.0,12.0,-71.0,848.0
261,279.0,2013-06-17,307.0,336.0,12.0,-72.0,851.0
262,282.0,2013-06-18,308.0,337.0,12.0,-73.0,850.0
263,284.0,2013-06-19,309.0,338.0,12.0,-72.0,848.0
264,278.0,2013-06-20,310.0,338.0,12.0,-71.0,849.0
265,277.0,2013-06-21,311.0,339.0,12.0,-74.0,846.0
266,285.0,2013-06-22,312.0,339.0,12.0,-71.0,845.0
267,274.0,2013-06-23,313.0,340.0,12.0,-77.0,849.0
268,272.0,2013-06-24,314.0,340.0,12.0,-73.0,848.0
269,273.0,2013-06-25,315.0,341.0,12.0,-74.0,850.0
270,288.0,2013-06-26,316.0,341.0,12.0,-74.0,851.0
271,268.0,2013-06-27,317.0,342.0,12.0,-72.0,849.0
272,270.0,2013-06-28,318.0,342.0,12.0,-74.0,849.0
273,271.0,2013-06-29,319.0,343.0,12.0,-73.0,847.0
274,269.0,2013-06-30,320.0,344.0,12.0,-74.0,846.0
275,289.0,2013-07-01,321.0,344.0,12.0,-75.0,847.0
276,291.0,2013-07-02,322.0,345.0,12.0,-74.0,849.0
277,290.0,2013-07-03,323.0,345.0,12.0,-74.0,847.0
278,292.0,2013-07-04,324.0,346.0,12.0,-75.0,850.0
279,294.0,2013-07-06,325.0,346.0,12.0,-74.0,847.0
280,295.0,2013-07-07,326.0,347.0,12.0,-72.0,848.0
281,296.0,2013-07-08,327.0,347.0,12.0,-74.0,848.0
282,293.0,2013-07-09,328.0,348.0,12.0,-75.0,847.0
283,298.0,2013-07-10,329.0,348.0,12.0,-74.0,847.0
284,297.0,2013-07-11,330.0,349.0,12.0,-75.0,848.0
285,303.0,2013-07-12,331.0,349.0,12.0,-74.0,848.0
286,300.0,2013-07-13,332.0,350.0,12.0,-76.0,849.0
287,299.0,2013-07-14,333.0,350.0,12.0,-75.0,849.0
288,301.0,2013-07-15,334.0,351.0,12.0,-74.0,852.0
289,302.0,2013-07-16,335.0,352.0,12.0,-76.0,852.0
290,305.0,2013-07-17,336.0,352.0,12.0,-76.0,852.0
291,304.0,2013-07-18,337.0,353.0,12.0,-75.0,853.0
292,306.0,2013-07-19,338.0,353.0,12.0,-78.0,848.0
293,308.0,2013-07-20,339.0,354.0,12.0,-76.0,849.0
294,307.0,2013-07-21,340.0,354.0,12.0,-76.0,851.0
295,310.0,2013-07-22,341.0,355.0,12.0,-77.0,852.0
296,309.0,2013-07-23,342.0,355.0,12.0,-76.0,851.0
297,311.0,2013-07-24,343.0,356.0,12.0,-77.0,850.0
298,317.0,2013-07-25,344.0,356.0,12.0,-77.0,851.0
299,312.0,2013-07-26,345.0,357.0,12.0,-77.0,853.0
300,314.0,2013-07-27,346.0,357.0,12.0,-76.0,853.0
301,313.0,2013-07-28,347.0,358.0,12.0,-77.0,851.0
302,315.0,2013-07-29,348.0,358.0,12.0,-74.0,850.0
303,316.0,2013-07-30,349.0,359.0,12.0,-75.0,852.0
304,318.0,2013-07-31,350.0,359.0,12.0,-76.0,853.0
305,320.0,2013-08-01,351.0,0.0,1.0,-75.0,853.0
306,319.0,2013-08-02,352.0,0.0,1.0,-77.0,854.0
307,323.0,2013-08-03,353.0,1.0,1.0,-75.0,855.0
308,322.0,2013-08-04,354.0,1.0,1.0,-75.0,857.0
309,321.0,2013-08-05,355.0,2.0,1.0,-75.0,857.0
310,324.0,2013-08-06,356.0,2.0,1.0,-77.0,856.0
311,325.0,2013-08-07,357.0,3.0,1.0,-76.0,857.0
312,326.0,2013-08-17,366.0,7.0,1.0,-76.0,861.0
313,328.0,2013-08-18,367.0,8.0,1.0,-76.0,862.0
314,330.0,2013-08-19,368.0,8.0,1.0,-77.0,863.0
315,331.0,2013-08-20,369.0,9.0,1.0,-75.0,865.0
316,332.0,2013-08-21,370.0,9.0,1.0,-79.0,865.0
317,333.0,2013-08-22,371.0,10.0,1.0,-77.0,865.0
318,334.0,2013-08-23,372.0,10.0,1.0,-76.0,866.0
319,335.0,2013-08-24,373.0,11.0,1.0,-79.0,866.0
320,337.0,2013-08-25,374.0,11.0,1.0,-79.0,866.0
321,336.0,2013-08-26,375.0,12.0,1.0,-77.0,867.0
322,340.0,2013-08-27,376.0,12.0,1.0,-78.0,870.0
323,338.0,2013-08-28,377.0,13.0,1.0,-78.0,870.0
324,339.0,2013-08-29,378.0,13.0,1.0,-78.0,869.0
325,341.0,2013-08-30,379.0,14.0,1.0,-79.0,870.0
326,343.0,2013-08-31,380.0,14.0,1.0,-79.0,870.0
327,345.0,2013-09-01,381.0,15.0,1.0,-79.0,871.0
328,344.0,2013-09-02,382.0,15.0,1.0,-76.0,872.0
329,342.0,2013-09-03,383.0,16.0,1.0,-77.0,874.0
330,346.0,2013-09-04,384.0,16.0,1.0,-77.0,875.0
331,351.0,2013-09-05,385.0,17.0,1.0,-78.0,874.0
332,347.0,2013-09-06,386.0,17.0,1.0,-77.0,873.0
333,349.0,2013-09-07,387.0,18.0,1.0,-78.0,874.0
334,350.0,2013-09-08,388.0,18.0,1.0,-79.0,875.0
335,348.0,2013-09-09,389.0,19.0,1.0,-79.0,875.0
336,352.0,2013-09-10,390.0,19.0,1.0,-78.0,875.0
337,353.0,2013-09-11,391.0,20.0,1.0,-78.0,875.0
338,354.0,2013-09-12,392.0,20.0,1.0,-77.0,876.0
339,355.0,2013-09-13,393.0,21.0,1.0,-76.0,877.0
340,356.0,2013-09-14,394.0,21.0,1.0,-79.0,878.0
341,357.0,2013-09-15,395.0,22.0,1.0,-77.0,878.0
342,358.0,2013-09-16,396.0,22.0,1.0,-78.0,879.0
343,359.0,2013-09-18,397.0,23.0,1.0,-75.0,880.0
344,360.0,2013-09-19,398.0,23.0,1.0,-79.0,880.0
345,361.0,2013-09-20,399.0,24.0,1.0,-79.0,881.0
346,363.0,2013-09-21,400.0,24.0,1.0,-79.0,881.0
347,362.0,2013-09-22,401.0,25.0,1.0,-79.0,882.0
348,365.0,2013-09-23,402.0,25.0,1.0,-78.0,883.0
349,364.0,2013-09-24,403.0,25.0,1.0,-80.0,883.0
350,367.0,2013-09-25,404.0,26.0,1.0,-78.0,884.0
351,366.0,2013-09-26,405.0,26.0,1.0,-82.0,885.0
352,374.0,2013-09-27,406.0,27.0,1.0,-81.0,886.0
353,370.0,2013-09-28,407.0,27.0,1.0,-81.0,887.0
354,369.0,2013-09-29,408.0,28.0,1.0,-80.0,887.0
355,368.0,2013-09-30,409.0,28.0,1.0,-81.0,887.0
356,373.0,2013-10-01,410.0,29.0,1.0,-81.0,888.0
357,372.0,2013-10-02,411.0,29.0,1.0,-82.0,887.0
358,371.0,2013-10-03,412.0,30.0,2.0,-80.0,888.0
359,376.0,2013-10-04,413.0,30.0,2.0,-82.0,888.0
360,375.0,2013-10-05,414.0,31.0,2.0,-79.0,889.0
361,377.0,2013-10-06,415.0,31.0,2.0,-82.0,890.0
362,378.0,2013-10-07,416.0,32.0,2.0,-79.0,889.0
363,379.0,2013-10-08,417.0,32.0,2.0,-82.0,890.0
364,380.0,2013-10-09,418.0,33.0,2.0,-79.0,891.0
365,381.0,2013-10-10,419.0,33.0,2.0,-82.0,891.0
366,385.0,2013-10-11,420.0,33.0,2.0,-80.0,892.0
367,382.0,2013-10-12,421.0,34.0,2.0,-81.0,890.0
368,384.0,2013-10-13,422.0,34.0,2.0,-82.0,891.0
369,383.0,2013-10-14,423.0,35.0,2.0,-81.0,892.0
370,386.0,2013-10-15,424.0,35.0,2.0,-81.0,893.0
371,393.0,2013-10-16,425.0,36.0,2.0,-81.0,893.0
372,388.0,2013-10-17,426.0,36.0,2.0,-79.0,893.0
373,392.0,2013-10-18,427.0,37.0,2.0,-81.0,893.0
374,391.0,2013-10-19,428.0,37.0,2.0,-81.0,894.0
375,387.0,2013-10-20,429.0,38.0,2.0,-82.0,895.0
376,390.0,2013-10-21,430.0,38.0,2.0,-82.0,896.0
377,389.0,2013-10-22,431.0,39.0,2.0,-83.0,895.0
378,395.0,2013-10-23,432.0,39.0,2.0,-80.0,896.0
379,394.0,2013-10-24,433.0,40.0,2.0,-81.0,895.0
380,397.0,2013-10-26,434.0,40.0,2.0,-80.0,896.0
381,396.0,2013-10-27,435.0,40.0,2.0,-81.0,896.0
382,398.0,2013-10-28,436.0,41.0,2.0,-81.0,897.0
383,399.0,2013-10-29,437.0,41.0,2.0,-82.0,898.0
384,400.0,2013-10-30,438.0,42.0,2.0,-79.0,899.0
385,401.0,2013-10-31,439.0,42.0,2.0,-80.0,899.0
386,404.0,2013-11-01,440.0,43.0,2.0,-80.0,899.0
387,402.0,2013-11-02,441.0,43.0,2.0,-81.0,900.0
388,405.0,2013-11-03,442.0,44.0,2.0,-80.0,900.0
389,403.0,2013-11-04,443.0,44.0,2.0,-81.0,901.0
390,407.0,2013-11-16,455.0,50.0,2.0,-84.0,905.0
391,406.0,2013-11-17,456.0,50.0,2.0,-83.0,905.0
392,409.0,2013-11-24,463.0,53.0,2.0,-86.0,906.0
393,410.0,2013-11-25,464.0,54.0,2.0,-84.0,906.0
394,412.0,2013-11-26,465.0,54.0,2.0,-85.0,906.0
395,415.0,2013-11-27,466.0,55.0,2.0,-85.0,907.0
396,411.0,2013-11-28,467.0,55.0,2.0,-84.0,907.0
397,414.0,2013-11-29,468.0,55.0,2.0,-85.0,907.0
398,413.0,2013-11-30,469.0,56.0,2.0,-85.0,908.0
399,475.0,2013-12-02,470.0,56.0,2.0,-85.0,907.0
400,479.0,2013-12-03,471.0,57.0,2.0,-84.0,906.0
401,416.0,2013-12-04,472.0,57.0,2.0,-84.0,907.0
402,417.0,2013-12-05,473.0,58.0,2.0,-86.0,907.0
403,420.0,2013-12-06,474.0,58.0,2.0,-84.0,906.0
404,419.0,2013-12-07,475.0,59.0,2.0,-85.0,906.0
405,418.0,2013-12-08,476.0,59.0,2.0,-85.0,906.0
406,421.0,2013-12-09,477.0,60.0,3.0,-85.0,907.0
407,422.0,2013-12-18,486.0,64.0,3.0,-84.0,904.0
408,473.0,2013-12-19,487.0,64.0,3.0,-85.0,904.0
409,480.0,2013-12-20,488.0,64.0,3.0,-87.0,903.0
410,423.0,2013-12-21,489.0,65.0,3.0,-85.0,904.0
411,434.0,2013-12-22,490.0,65.0,3.0,-87.0,903.0
412,433.0,2013-12-23,491.0,66.0,3.0,-86.0,903.0
413,427.0,2013-12-24,492.0,66.0,3.0,-86.0,903.0
414,426.0,2013-12-25,493.0,67.0,3.0,-84.0,902.0
415,429.0,2013-12-26,494.0,67.0,3.0,-85.0,902.0
416,431.0,2013-12-27,495.0,68.0,3.0,-86.0,900.0
417,428.0,2013-12-28,496.0,68.0,3.0,-85.0,901.0
418,425.0,2013-12-29,497.0,69.0,3.0,-86.0,901.0
419,424.0,2013-12-30,498.0,69.0,3.0,-86.0,901.0
420,432.0,2013-12-31,499.0,69.0,3.0,-84.0,899.0
421,430.0,2014-01-01,500.0,70.0,3.0,-85.0,897.0
422,435.0,2014-01-02,501.0,70.0,3.0,-86.0,898.0
423,437.0,2014-01-03,502.0,71.0,3.0,-87.0,898.0
424,483.0,2014-01-04,503.0,71.0,3.0,-86.0,897.0
425,436.0,2014-01-05,504.0,72.0,3.0,-85.0,895.0
426,438.0,2014-01-06,505.0,72.0,3.0,-85.0,895.0
427,439.0,2014-01-08,506.0,73.0,3.0,-86.0,894.0
428,440.0,2014-01-09,507.0,73.0,3.0,-85.0,894.0
429,442.0,2014-01-10,508.0,73.0,3.0,-83.0,893.0
430,443.0,2014-01-11,509.0,74.0,3.0,-86.0,895.0
431,441.0,2014-01-12,510.0,74.0,3.0,-85.0,892.0
432,446.0,2014-01-13,511.0,75.0,3.0,-85.0,892.0
433,444.0,2014-01-14,512.0,75.0,3.0,-86.0,890.0
434,445.0,2014-01-15,513.0,76.0,3.0,-86.0,889.0
435,447.0,2014-01-16,514.0,76.0,3.0,-86.0,888.0
436,450.0,2014-01-17,515.0,77.0,3.0,-86.0,888.0
437,449.0,2014-01-18,516.0,77.0,3.0,-86.0,888.0
438,448.0,2014-01-19,517.0,77.0,3.0,-86.0,885.0
439,451.0,2014-01-20,518.0,78.0,3.0,-85.0,885.0
440,452.0,2014-01-21,519.0,78.0,3.0,-86.0,884.0
441,453.0,2014-01-22,520.0,79.0,3.0,-86.0,884.0
442,454.0,2014-01-23,521.0,79.0,3.0,-87.0,882.0
443,455.0,2014-01-24,522.0,80.0,3.0,-85.0,881.0
444,458.0,2014-01-25,523.0,80.0,3.0,-85.0,881.0
445,457.0,2014-01-26,524.0,81.0,3.0,-85.0,880.0
446,456.0,2014-01-27,525.0,81.0,3.0,-87.0,878.0
447,459.0,2014-01-28,526.0,82.0,3.0,-87.0,878.0
448,460.0,2014-01-29,527.0,82.0,3.0,-86.0,877.0
449,461.0,2014-01-30,528.0,82.0,3.0,-86.0,876.0
450,462.0,2014-01-31,529.0,83.0,3.0,-87.0,875.0
451,463.0,2014-02-01,530.0,83.0,3.0,-87.0,873.0
452,465.0,2014-02-02,531.0,84.0,3.0,-87.0,872.0
453,464.0,2014-02-03,532.0,84.0,3.0,-88.0,872.0
454,466.0,2014-02-04,533.0,85.0,3.0,-87.0,871.0
455,467.0,2014-02-05,534.0,85.0,3.0,-86.0,869.0
456,468.0,2014-02-06,535.0,86.0,3.0,-88.0,868.0
457,470.0,2014-02-07,536.0,86.0,3.0,-83.0,867.0
458,469.0,2014-02-08,537.0,86.0,3.0,-83.0,865.0
459,472.0,2014-02-09,538.0,87.0,3.0,-85.0,865.0
460,476.0,2014-02-10,539.0,87.0,3.0,-85.0,864.0
461,481.0,2014-02-11,540.0,88.0,3.0,-84.0,862.0
462,482.0,2014-02-12,541.0,88.0,3.0,-84.0,861.0
463,477.0,2014-02-13,542.0,89.0,3.0,-85.0,859.0
464,486.0,2014-02-15,543.0,89.0,3.0,-84.0,858.0
465,487.0,2014-02-16,544.0,90.0,4.0,-86.0,857.0
466,490.0,2014-02-17,545.0,90.0,4.0,-85.0,856.0
467,489.0,2014-02-18,546.0,91.0,4.0,-85.0,855.0
468,488.0,2014-02-19,547.0,91.0,4.0,-85.0,853.0
469,491.0,2014-02-20,548.0,91.0,4.0,-86.0,852.0
470,492.0,2014-02-21,549.0,92.0,4.0,-87.0,851.0
471,494.0,2014-02-22,550.0,92.0,4.0,-85.0,850.0
472,495.0,2014-02-23,551.0,93.0,4.0,-85.0,848.0
473,493.0,2014-02-24,552.0,93.0,4.0,-86.0,847.0
474,496.0,2014-02-25,553.0,94.0,4.0,-84.0,845.0
475,497.0,2014-02-26,554.0,94.0,4.0,-84.0,843.0
476,499.0,2014-02-27,555.0,95.0,4.0,-85.0,843.0
477,501.0,2014-02-28,556.0,95.0,4.0,-85.0,842.0
478,498.0,2014-03-01,557.0,96.0,4.0,-85.0,840.0
479,500.0,2014-03-02,558.0,96.0,4.0,-85.0,839.0
480,502.0,2014-03-03,559.0,96.0,4.0,-85.0,838.0
481,503.0,2014-03-04,560.0,97.0,4.0,-86.0,836.0
482,504.0,2014-03-05,561.0,97.0,4.0,-85.0,835.0
483,506.0,2014-03-06,562.0,98.0,4.0,-85.0,834.0
484,505.0,2014-03-07,563.0,98.0,4.0,-87.0,833.0
485,509.0,2014-03-08,564.0,99.0,4.0,-86.0,831.0
486,508.0,2014-03-09,565.0,99.0,4.0,-85.0,830.0
487,507.0,2014-03-10,566.0,100.0,4.0,-86.0,829.0
488,510.0,2014-03-11,567.0,100.0,4.0,-86.0,827.0
489,511.0,2014-03-12,568.0,101.0,4.0,-86.0,825.0
490,512.0,2014-03-13,569.0,101.0,4.0,-85.0,825.0
491,513.0,2014-03-14,570.0,102.0,4.0,-84.0,823.0
492,515.0,2014-03-15,571.0,102.0,4.0,-84.0,821.0
493,514.0,2014-03-16,572.0,102.0,4.0,-85.0,820.0
494,516.0,2014-03-17,573.0,103.0,4.0,-84.0,819.0
495,517.0,2014-03-18,574.0,103.0,4.0,-85.0,817.0
496,518.0,2014-03-19,575.0,104.0,4.0,-82.0,816.0
497,520.0,2014-03-20,576.0,104.0,4.0,-84.0,815.0
498,519.0,2014-03-21,577.0,105.0,4.0,-84.0,813.0
499,521.0,2014-03-22,578.0,105.0,4.0,-83.0,812.0
500,522.0,2014-03-24,579.0,106.0,4.0,-82.0,811.0
501,523.0,2014-03-25,580.0,106.0,4.0,-83.0,810.0
502,524.0,2014-03-26,581.0,107.0,4.0,-84.0,808.0
503,525.0,2014-03-27,582.0,107.0,4.0,-84.0,807.0
504,526.0,2014-03-28,583.0,108.0,4.0,-82.0,806.0
505,528.0,2014-03-29,584.0,108.0,4.0,-82.0,804.0
506,527.0,2014-03-30,585.0,109.0,4.0,-83.0,802.0
507,529.0,2014-03-31,586.0,109.0,4.0,-82.0,802.0
508,530.0,2014-04-01,587.0,109.0,4.0,-85.0,801.0
509,532.0,2014-04-02,588.0,110.0,4.0,-84.0,799.0
510,531.0,2014-04-03,589.0,110.0,4.0,-85.0,798.0
511,535.0,2014-04-04,590.0,111.0,4.0,-82.0,797.0
512,533.0,2014-04-05,591.0,111.0,4.0,-82.0,795.0
513,534.0,2014-04-06,592.0,112.0,4.0,-83.0,795.0
514,536.0,2014-04-07,593.0,112.0,4.0,-83.0,795.0
515,537.0,2014-04-08,594.0,113.0,4.0,-83.0,793.0
516,538.0,2014-04-09,595.0,113.0,4.0,-83.0,792.0
517,539.0,2014-04-10,596.0,114.0,4.0,-82.0,791.0
518,540.0,2014-04-11,597.0,114.0,4.0,-84.0,790.0
519,542.0,2014-04-12,598.0,115.0,4.0,-84.0,787.0
520,543.0,2014-04-13,599.0,115.0,4.0,-84.0,788.0
521,541.0,2014-04-14,600.0,116.0,4.0,-81.0,787.0
522,544.0,2014-04-15,601.0,116.0,4.0,-82.0,785.0
523,545.0,2014-04-16,602.0,117.0,4.0,-82.0,784.0
524,548.0,2014-04-17,603.0,117.0,4.0,-83.0,783.0
525,546.0,2014-04-18,604.0,118.0,4.0,-84.0,782.0
526,547.0,2014-04-19,605.0,118.0,4.0,-83.0,781.0
527,549.0,2014-04-20,606.0,118.0,4.0,-84.0,780.0
528,550.0,2014-04-21,607.0,119.0,4.0,-83.0,779.0
529,551.0,2014-04-22,608.0,119.0,4.0,-85.0,777.0
530,552.0,2014-04-23,609.0,120.0,5.0,-84.0,777.0
531,554.0,2014-04-24,610.0,120.0,5.0,-85.0,776.0
532,555.0,2014-04-25,611.0,121.0,5.0,-84.0,775.0
533,553.0,2014-04-26,612.0,121.0,5.0,-85.0,774.0
534,556.0,2014-04-27,613.0,122.0,5.0,-84.0,773.0
535,557.0,2014-04-28,614.0,122.0,5.0,-82.0,772.0
536,558.0,2014-04-29,615.0,123.0,5.0,-83.0,771.0
537,559.0,2014-05-01,616.0,123.0,5.0,-82.0,769.0
538,561.0,2014-05-02,617.0,124.0,5.0,-84.0,769.0
539,562.0,2014-05-03,618.0,124.0,5.0,-83.0,769.0
540,560.0,2014-05-04,619.0,125.0,5.0,-82.0,766.0
541,563.0,2014-05-05,620.0,125.0,5.0,-83.0,765.0
542,564.0,2014-05-06,621.0,126.0,5.0,-82.0,765.0
543,565.0,2014-05-07,622.0,126.0,5.0,-84.0,763.0
544,566.0,2014-05-08,623.0,127.0,5.0,-83.0,763.0
545,568.0,2014-05-09,624.0,127.0,5.0,-82.0,762.0
546,569.0,2014-05-10,625.0,128.0,5.0,-81.0,761.0
547,567.0,2014-05-11,626.0,128.0,5.0,-82.0,760.0
548,570.0,2014-05-12,627.0,129.0,5.0,-82.0,759.0
549,571.0,2014-05-13,628.0,129.0,5.0,-81.0,759.0
550,572.0,2014-05-14,629.0,130.0,5.0,-84.0,759.0
551,573.0,2014-05-15,630.0,130.0,5.0,-82.0,757.0
552,576.0,2014-05-16,631.0,131.0,5.0,-81.0,756.0
553,575.0,2014-05-17,632.0,131.0,5.0,-79.0,755.0
554,574.0,2014-05-18,633.0,132.0,5.0,-81.0,754.0
555,577.0,2014-05-19,634.0,132.0,5.0,-82.0,753.0
556,578.0,2014-05-20,635.0,133.0,5.0,-82.0,754.0
557,582.0,2014-05-21,636.0,133.0,5.0,-81.0,752.0
558,580.0,2014-05-22,637.0,134.0,5.0,-80.0,752.0
559,579.0,2014-05-23,638.0,134.0,5.0,-80.0,751.0
560,581.0,2014-05-24,639.0,135.0,5.0,-80.0,750.0
561,583.0,2014-05-25,640.0,135.0,5.0,-81.0,750.0
562,584.0,2014-05-26,641.0,136.0,5.0,-81.0,749.0
563,585.0,2014-05-27,642.0,136.0,5.0,-80.0,749.0
564,586.0,2014-05-28,643.0,137.0,5.0,-80.0,748.0
565,588.0,2014-05-29,644.0,137.0,5.0,-80.0,748.0
566,589.0,2014-05-30,645.0,138.0,5.0,-81.0,746.0
567,587.0,2014-05-31,646.0,138.0,5.0,-81.0,746.0
568,590.0,2014-06-01,647.0,139.0,5.0,-79.0,746.0
569,591.0,2014-06-02,648.0,139.0,5.0,-80.0,746.0
570,592.0,2014-06-03,649.0,140.0,5.0,-79.0,745.0
571,593.0,2014-06-04,650.0,140.0,5.0,-80.0,743.0
572,595.0,2014-06-05,651.0,141.0,5.0,-80.0,743.0
573,594.0,2014-06-07,652.0,141.0,5.0,-79.0,745.0
574,596.0,2014-06-08,653.0,142.0,5.0,-80.0,744.0
575,597.0,2014-06-09,654.0,142.0,5.0,-79.0,742.0
576,598.0,2014-06-10,655.0,143.0,5.0,-77.0,741.0
577,599.0,2014-06-11,656.0,143.0,5.0,-80.0,740.0
578,600.0,2014-06-12,657.0,144.0,5.0,-79.0,739.0
579,602.0,2014-06-13,658.0,144.0,5.0,-79.0,739.0
580,603.0,2014-06-14,659.0,145.0,5.0,-77.0,738.0
581,601.0,2014-06-15,660.0,145.0,5.0,-78.0,735.0
582,604.0,2014-06-16,661.0,146.0,5.0,-76.0,735.0
583,605.0,2014-06-17,662.0,146.0,5.0,-77.0,735.0
584,609.0,2014-06-18,663.0,147.0,5.0,-77.0,734.0
585,607.0,2014-06-19,664.0,147.0,5.0,-78.0,732.0
586,610.0,2014-06-20,665.0,148.0,5.0,-78.0,735.0
587,608.0,2014-06-21,666.0,148.0,5.0,-77.0,736.0
588,606.0,2014-06-22,667.0,149.0,5.0,-76.0,736.0
589,611.0,2014-06-23,668.0,150.0,6.0,-75.0,734.0
590,613.0,2014-06-24,669.0,150.0,6.0,-84.0,735.0
591,612.0,2014-06-25,670.0,151.0,6.0,-79.0,737.0
592,614.0,2014-06-26,671.0,151.0,6.0,-79.0,740.0
593,615.0,2014-06-27,672.0,152.0,6.0,-78.0,739.0
594,616.0,2014-06-28,673.0,152.0,6.0,-78.0,738.0
595,617.0,2014-06-29,674.0,153.0,6.0,-80.0,739.0
596,618.0,2014-06-30,675.0,153.0,6.0,-80.0,740.0
597,619.0,2014-07-01,676.0,154.0,6.0,-80.0,738.0
598,622.0,2014-07-02,677.0,154.0,6.0,-78.0,737.0
599,621.0,2014-07-03,678.0,155.0,6.0,-77.0,739.0
600,624.0,2014-07-04,679.0,155.0,6.0,-77.0,738.0
601,620.0,2014-07-05,680.0,156.0,6.0,-76.0,740.0
602,623.0,2014-07-06,681.0,156.0,6.0,-79.0,738.0
603,625.0,2014-07-07,682.0,157.0,6.0,-77.0,739.0
604,626.0,2014-07-08,683.0,158.0,6.0,-79.0,741.0
605,627.0,2014-07-09,684.0,158.0,6.0,-75.0,741.0
606,628.0,2014-07-10,685.0,159.0,6.0,-77.0,740.0
607,629.0,2014-07-11,686.0,159.0,6.0,-76.0,738.0
608,630.0,2014-07-12,687.0,160.0,6.0,-77.0,739.0
609,631.0,2014-07-14,688.0,160.0,6.0,-77.0,741.0
610,632.0,2014-07-15,689.0,161.0,6.0,-76.0,742.0
611,633.0,2014-07-16,690.0,161.0,6.0,-77.0,741.0
612,634.0,2014-07-17,691.0,162.0,6.0,-76.0,741.0
613,637.0,2014-07-18,692.0,162.0,6.0,-76.0,742.0
614,636.0,2014-07-19,693.0,163.0,6.0,-76.0,741.0
615,635.0,2014-07-20,694.0,164.0,6.0,-75.0,740.0
616,638.0,2014-07-21,695.0,164.0,6.0,-76.0,741.0
617,639.0,2014-07-22,696.0,165.0,6.0,-75.0,743.0
618,640.0,2014-07-23,697.0,165.0,6.0,-74.0,743.0
619,641.0,2014-07-24,698.0,166.0,6.0,-77.0,743.0
620,642.0,2014-07-25,699.0,166.0,6.0,-76.0,744.0
621,643.0,2014-07-26,700.0,167.0,6.0,-75.0,745.0
622,644.0,2014-07-27,701.0,167.0,6.0,-77.0,745.0
623,645.0,2014-07-28,702.0,168.0,6.0,-76.0,745.0
624,646.0,2014-07-29,703.0,169.0,6.0,-75.0,747.0
625,647.0,2014-07-30,704.0,169.0,6.0,-75.0,747.0
626,648.0,2014-07-31,705.0,170.0,6.0,-76.0,746.0
627,650.0,2014-08-01,706.0,170.0,6.0,-76.0,748.0
628,651.0,2014-08-02,707.0,171.0,6.0,-76.0,749.0
629,649.0,2014-08-03,708.0,171.0,6.0,-76.0,749.0
630,652.0,2014-08-04,709.0,172.0,6.0,-73.0,750.0
631,653.0,2014-08-05,710.0,172.0,6.0,-77.0,751.0
632,654.0,2014-08-06,711.0,173.0,6.0,-75.0,751.0
633,658.0,2014-08-07,712.0,174.0,6.0,-77.0,752.0
634,656.0,2014-08-08,713.0,174.0,6.0,-76.0,754.0
635,655.0,2014-08-09,714.0,175.0,6.0,-76.0,754.0
636,657.0,2014-08-10,715.0,175.0,6.0,-73.0,755.0
637,659.0,2014-08-11,716.0,176.0,6.0,-75.0,755.0
638,661.0,2014-08-12,717.0,176.0,6.0,-76.0,756.0
639,660.0,2014-08-13,718.0,177.0,6.0,-77.0,757.0
640,662.0,2014-08-14,719.0,178.0,6.0,-77.0,758.0
641,663.0,2014-08-15,720.0,178.0,6.0,-74.0,760.0
642,664.0,2014-08-16,721.0,179.0,6.0,-73.0,761.0
643,665.0,2014-08-17,722.0,179.0,6.0,-74.0,760.0
644,666.0,2014-08-18,723.0,180.0,7.0,-73.0,761.0
645,667.0,2014-08-19,724.0,181.0,7.0,-74.0,763.0
646,669.0,2014-08-21,725.0,181.0,7.0,-73.0,764.0
647,668.0,2014-08-22,726.0,182.0,7.0,-75.0,766.0
648,671.0,2014-08-23,727.0,182.0,7.0,-76.0,766.0
649,670.0,2014-08-24,728.0,183.0,7.0,-74.0,766.0
650,672.0,2014-08-25,729.0,183.0,7.0,-75.0,768.0
651,676.0,2014-08-26,730.0,184.0,7.0,-76.0,770.0
652,673.0,2014-08-27,731.0,185.0,7.0,-75.0,771.0
653,677.0,2014-08-28,732.0,185.0,7.0,-75.0,773.0
654,674.0,2014-08-29,733.0,186.0,7.0,-74.0,773.0
655,675.0,2014-08-30,734.0,186.0,7.0,-73.0,776.0
656,678.0,2014-08-31,735.0,187.0,7.0,-73.0,776.0
657,679.0,2014-09-01,736.0,188.0,7.0,-76.0,776.0
658,680.0,2014-09-02,737.0,188.0,7.0,-74.0,777.0
659,681.0,2014-09-03,738.0,189.0,7.0,-75.0,778.0
660,682.0,2014-09-04,739.0,189.0,7.0,-77.0,779.0
661,685.0,2014-09-05,740.0,190.0,7.0,-76.0,782.0
662,683.0,2014-09-06,741.0,191.0,7.0,-70.0,784.0
663,684.0,2014-09-07,742.0,191.0,7.0,-72.0,784.0
664,686.0,2014-09-08,743.0,192.0,7.0,-72.0,786.0
665,687.0,2014-09-09,744.0,192.0,7.0,-75.0,786.0
666,689.0,2014-09-10,745.0,193.0,7.0,-74.0,787.0
667,688.0,2014-09-11,746.0,194.0,7.0,-76.0,788.0
668,691.0,2014-09-12,747.0,194.0,7.0,-73.0,789.0
669,690.0,2014-09-13,748.0,195.0,7.0,-71.0,791.0
670,692.0,2014-09-14,749.0,195.0,7.0,-73.0,794.0
671,693.0,2014-09-15,750.0,196.0,7.0,-72.0,796.0
672,695.0,2014-09-16,751.0,197.0,7.0,-72.0,797.0
673,694.0,2014-09-17,752.0,197.0,7.0,-71.0,798.0
674,698.0,2014-09-18,753.0,198.0,7.0,-73.0,800.0
675,696.0,2014-09-19,754.0,198.0,7.0,-73.0,802.0
676,697.0,2014-09-20,755.0,199.0,7.0,-74.0,806.0
677,699.0,2014-09-21,756.0,200.0,7.0,-73.0,806.0
678,700.0,2014-09-22,757.0,200.0,7.0,-73.0,807.0
679,701.0,2014-09-23,758.0,201.0,7.0,-71.0,810.0
680,702.0,2014-09-24,759.0,201.0,7.0,-77.0,809.0
681,704.0,2014-09-25,760.0,202.0,7.0,-70.0,810.0
682,705.0,2014-09-27,761.0,203.0,7.0,-72.0,814.0
683,703.0,2014-09-28,762.0,203.0,7.0,-75.0,814.0
684,706.0,2014-09-29,763.0,204.0,7.0,-78.0,817.0
685,707.0,2014-09-30,764.0,205.0,7.0,-73.0,821.0
686,708.0,2014-10-01,765.0,205.0,7.0,-73.0,820.0
687,709.0,2014-10-02,766.0,206.0,7.0,-70.0,824.0
688,710.0,2014-10-03,767.0,206.0,7.0,-71.0,824.0
689,712.0,2014-10-04,768.0,207.0,7.0,-73.0,826.0
690,711.0,2014-10-05,769.0,208.0,7.0,-73.0,829.0
691,713.0,2014-10-06,770.0,208.0,7.0,-70.0,829.0
692,714.0,2014-10-07,771.0,209.0,7.0,-71.0,836.0
693,715.0,2014-10-08,772.0,210.0,8.0,-71.0,835.0
694,716.0,2014-10-09,773.0,210.0,8.0,-70.0,838.0
695,719.0,2014-10-10,774.0,211.0,8.0,-73.0,838.0
696,717.0,2014-10-11,775.0,211.0,8.0,-71.0,838.0
697,718.0,2014-10-12,776.0,212.0,8.0,-72.0,841.0
698,720.0,2014-10-13,777.0,213.0,8.0,-72.0,841.0
699,721.0,2014-10-14,778.0,213.0,8.0,-70.0,846.0
700,722.0,2014-10-15,779.0,214.0,8.0,-71.0,845.0
701,723.0,2014-10-16,780.0,215.0,8.0,-72.0,852.0
702,725.0,2014-10-17,781.0,215.0,8.0,-74.0,849.0
703,724.0,2014-10-18,782.0,216.0,8.0,-71.0,854.0
704,727.0,2014-10-19,783.0,216.0,8.0,-69.0,853.0
705,726.0,2014-10-20,784.0,217.0,8.0,-69.0,857.0
706,728.0,2014-10-21,785.0,218.0,8.0,-74.0,858.0
707,729.0,2014-10-22,786.0,218.0,8.0,-74.0,861.0
708,732.0,2014-10-23,787.0,219.0,8.0,-73.0,860.0
709,731.0,2014-10-24,788.0,220.0,8.0,-68.0,862.0
710,730.0,2014-10-25,789.0,220.0,8.0,-68.0,862.0
711,733.0,2014-10-26,790.0,221.0,8.0,-68.0,864.0
712,734.0,2014-10-27,791.0,222.0,8.0,-70.0,867.0
713,735.0,2014-10-28,792.0,222.0,8.0,-71.0,873.0
714,736.0,2014-10-29,793.0,223.0,8.0,-71.0,877.0
715,739.0,2014-10-30,794.0,223.0,8.0,-68.0,874.0
716,738.0,2014-10-31,795.0,224.0,8.0,-68.0,875.0
717,737.0,2014-11-01,796.0,225.0,8.0,-65.0,877.0
718,740.0,2014-11-03,797.0,225.0,8.0,-65.0,879.0
719,741.0,2014-11-04,798.0,226.0,8.0,-67.0,883.0
720,743.0,2014-11-05,799.0,227.0,8.0,-70.0,884.0
721,742.0,2014-11-06,800.0,227.0,8.0,-67.0,884.0
722,746.0,2014-11-07,801.0,228.0,8.0,-70.0,884.0
723,745.0,2014-11-08,802.0,229.0,8.0,-69.0,887.0
724,744.0,2014-11-09,803.0,229.0,8.0,-69.0,888.0
725,747.0,2014-11-10,804.0,230.0,8.0,-73.0,891.0
726,748.0,2014-11-11,805.0,231.0,8.0,-70.0,893.0
727,750.0,2014-11-12,806.0,231.0,8.0,-69.0,893.0
728,749.0,2014-11-13,807.0,232.0,8.0,-71.0,892.0
729,752.0,2014-11-14,808.0,232.0,8.0,-67.0,893.0
730,753.0,2014-11-15,809.0,233.0,8.0,-70.0,895.0
731,751.0,2014-11-16,810.0,234.0,8.0,-69.0,897.0
732,754.0,2014-11-17,811.0,234.0,8.0,-71.0,900.0
733,755.0,2014-11-18,812.0,235.0,8.0,-75.0,902.0
734,756.0,2014-11-19,813.0,236.0,8.0,-67.0,904.0
735,757.0,2014-11-20,814.0,236.0,8.0,-68.0,902.0
736,759.0,2014-11-21,815.0,237.0,8.0,-69.0,905.0
737,758.0,2014-11-22,816.0,238.0,8.0,-74.0,909.0
738,761.0,2014-11-23,817.0,238.0,8.0,-69.0,913.0
739,760.0,2014-11-24,818.0,239.0,8.0,-68.0,914.0
740,763.0,2014-11-25,819.0,240.0,9.0,-71.0,913.0
741,765.0,2014-11-26,820.0,240.0,9.0,-68.0,910.0
742,762.0,2014-11-27,821.0,241.0,9.0,-68.0,910.0
743,764.0,2014-11-28,822.0,242.0,9.0,-71.0,911.0
744,766.0,2014-11-29,823.0,242.0,9.0,-69.0,912.0
745,768.0,2014-11-30,824.0,243.0,9.0,-67.0,914.0
746,767.0,2014-12-01,825.0,243.0,9.0,-67.0,914.0
747,770.0,2014-12-02,826.0,244.0,9.0,-68.0,914.0
748,769.0,2014-12-03,827.0,245.0,9.0,-68.0,911.0
749,771.0,2014-12-04,828.0,245.0,9.0,-71.0,914.0
750,773.0,2014-12-05,829.0,246.0,9.0,-71.0,914.0
751,772.0,2014-12-06,830.0,247.0,9.0,-68.0,918.0
752,774.0,2014-12-07,831.0,247.0,9.0,-68.0,920.0
753,775.0,2014-12-08,832.0,248.0,9.0,-68.0,924.0
754,776.0,2014-12-09,833.0,249.0,9.0,-69.0,923.0
755,777.0,2014-12-11,834.0,249.0,9.0,-68.0,918.0
756,780.0,2014-12-12,835.0,250.0,9.0,-69.0,917.0
757,778.0,2014-12-13,836.0,251.0,9.0,-69.0,916.0
758,779.0,2014-12-14,837.0,251.0,9.0,-69.0,916.0
759,782.0,2014-12-15,838.0,252.0,9.0,-69.0,917.0
760,781.0,2014-12-16,839.0,253.0,9.0,-70.0,917.0
761,783.0,2014-12-17,840.0,253.0,9.0,-74.0,913.0
762,784.0,2014-12-18,841.0,254.0,9.0,-75.0,914.0
763,790.0,2014-12-19,842.0,255.0,9.0,-69.0,914.0
764,793.0,2014-12-20,843.0,255.0,9.0,-69.0,916.0
765,788.0,2014-12-21,844.0,256.0,9.0,-68.0,917.0
766,786.0,2014-12-22,845.0,257.0,9.0,-73.0,920.0
767,785.0,2014-12-23,846.0,257.0,9.0,-74.0,925.0
768,791.0,2014-12-24,847.0,258.0,9.0,-69.0,918.0
769,792.0,2014-12-25,848.0,258.0,9.0,-69.0,918.0
770,787.0,2014-12-26,849.0,259.0,9.0,-69.0,918.0
771,789.0,2014-12-27,850.0,260.0,9.0,-68.0,918.0
772,794.0,2014-12-28,851.0,260.0,9.0,-68.0,919.0
773,797.0,2014-12-29,852.0,261.0,9.0,-73.0,916.0
774,796.0,2014-12-30,853.0,262.0,9.0,-67.0,913.0
775,798.0,2014-12-31,854.0,262.0,9.0,-66.0,910.0
776,799.0,2015-01-01,855.0,263.0,9.0,-69.0,912.0
777,795.0,2015-01-02,856.0,264.0,9.0,-68.0,912.0
778,801.0,2015-01-03,857.0,264.0,9.0,-76.0,911.0
779,800.0,2015-01-04,858.0,265.0,9.0,-73.0,913.0
780,802.0,2015-01-05,859.0,266.0,9.0,-72.0,915.0
781,803.0,2015-01-06,860.0,266.0,9.0,-69.0,916.0
782,804.0,2015-01-07,861.0,267.0,9.0,-70.0,917.0
783,807.0,2015-01-08,862.0,268.0,9.0,-70.0,917.0
784,805.0,2015-01-09,863.0,268.0,9.0,-72.0,916.0
785,806.0,2015-01-10,864.0,269.0,9.0,-70.0,914.0
786,808.0,2015-01-11,865.0,270.0,10.0,-70.0,913.0
787,809.0,2015-01-12,866.0,270.0,10.0,-71.0,911.0
788,810.0,2015-01-13,867.0,271.0,10.0,-71.0,910.0
789,811.0,2015-01-14,868.0,271.0,10.0,-71.0,908.0
790,812.0,2015-01-15,869.0,272.0,10.0,-72.0,906.0
791,813.0,2015-01-17,870.0,273.0,10.0,-74.0,909.0
792,814.0,2015-01-18,871.0,273.0,10.0,-70.0,903.0
793,815.0,2015-01-19,872.0,274.0,10.0,-72.0,902.0
794,817.0,2015-01-28,881.0,280.0,10.0,-73.0,899.0
795,818.0,2015-01-29,882.0,280.0,10.0,-76.0,901.0
796,820.0,2015-01-30,883.0,281.0,10.0,-74.0,897.0
797,821.0,2015-01-31,884.0,282.0,10.0,-71.0,897.0
798,819.0,2015-02-01,885.0,282.0,10.0,-71.0,895.0
799,823.0,2015-02-02,886.0,283.0,10.0,-73.0,894.0
800,822.0,2015-02-03,887.0,284.0,10.0,-73.0,897.0
801,824.0,2015-02-04,888.0,284.0,10.0,-70.0,896.0
802,825.0,2015-02-05,889.0,285.0,10.0,-70.0,895.0
803,826.0,2015-02-06,890.0,286.0,10.0,-72.0,892.0
804,827.0,2015-02-07,891.0,286.0,10.0,-72.0,892.0
805,828.0,2015-02-08,892.0,287.0,10.0,-71.0,892.0
806,829.0,2015-02-09,893.0,287.0,10.0,-72.0,890.0
807,830.0,2015-02-10,894.0,288.0,10.0,-75.0,891.0
808,831.0,2015-02-11,895.0,289.0,10.0,-72.0,889.0
809,833.0,2015-02-12,896.0,289.0,10.0,-70.0,888.0
810,832.0,2015-02-13,897.0,290.0,10.0,-72.0,884.0
811,834.0,2015-02-14,898.0,291.0,10.0,-72.0,883.0
812,835.0,2015-02-15,899.0,291.0,10.0,-75.0,881.0
813,836.0,2015-02-16,900.0,292.0,10.0,-70.0,883.0
814,837.0,2015-02-17,901.0,292.0,10.0,-71.0,885.0
815,838.0,2015-02-18,902.0,293.0,10.0,-68.0,883.0
816,839.0,2015-02-19,903.0,294.0,10.0,-71.0,882.0
817,841.0,2015-02-20,904.0,294.0,10.0,-71.0,878.0
818,840.0,2015-02-21,905.0,295.0,10.0,-71.0,880.0
819,843.0,2015-02-22,906.0,296.0,10.0,-76.0,878.0
820,842.0,2015-02-24,907.0,296.0,10.0,-75.0,879.0
821,844.0,2015-02-25,908.0,297.0,10.0,-71.0,883.0
822,845.0,2015-02-26,909.0,297.0,10.0,-70.0,878.0
823,847.0,2015-02-27,910.0,298.0,10.0,-73.0,878.0
824,846.0,2015-02-28,911.0,299.0,10.0,-70.0,874.0
825,849.0,2015-03-01,912.0,299.0,10.0,-75.0,875.0
826,848.0,2015-03-02,913.0,300.0,11.0,-71.0,871.0
827,850.0,2015-03-03,914.0,300.0,11.0,-71.0,874.0
828,851.0,2015-03-04,915.0,301.0,11.0,-71.0,878.0
829,852.0,2015-03-05,916.0,302.0,11.0,-71.0,872.0
830,854.0,2015-03-06,917.0,302.0,11.0,-76.0,871.0
831,853.0,2015-03-07,918.0,303.0,11.0,-71.0,867.0
832,855.0,2015-03-08,919.0,304.0,11.0,-74.0,870.0
833,856.0,2015-03-09,920.0,304.0,11.0,-72.0,868.0
834,857.0,2015-03-10,921.0,305.0,11.0,-70.0,867.0
835,858.0,2015-03-11,922.0,305.0,11.0,-73.0,870.0
836,859.0,2015-03-12,923.0,306.0,11.0,-72.0,867.0
837,861.0,2015-03-13,924.0,307.0,11.0,-74.0,867.0
838,860.0,2015-03-14,925.0,307.0,11.0,-71.0,862.0
839,862.0,2015-03-15,926.0,308.0,11.0,-76.0,864.0
840,863.0,2015-03-16,927.0,308.0,11.0,-76.0,862.0
841,864.0,2015-03-17,928.0,309.0,11.0,-72.0,862.0
842,865.0,2015-03-18,929.0,310.0,11.0,-75.0,866.0
843,868.0,2015-03-19,930.0,310.0,11.0,-75.0,865.0
844,867.0,2015-03-20,931.0,311.0,11.0,-69.0,864.0
845,866.0,2015-03-21,932.0,311.0,11.0,-71.0,859.0
846,869.0,2015-03-22,933.0,312.0,11.0,-71.0,863.0
847,870.0,2015-03-23,934.0,313.0,11.0,-73.0,858.0
848,872.0,2015-03-24,935.0,313.0,11.0,-75.0,862.0
849,871.0,2015-03-25,936.0,314.0,11.0,-72.0,865.0
850,874.0,2015-03-26,937.0,314.0,11.0,-73.0,863.0
851,876.0,2015-03-29,940.0,316.0,11.0,-73.0,861.0
852,875.0,2015-03-30,941.0,317.0,11.0,-74.0,857.0
853,880.0,2015-03-31,942.0,317.0,11.0,-74.0,857.0
854,877.0,2015-04-02,943.0,318.0,11.0,-73.0,854.0
855,878.0,2015-04-03,944.0,318.0,11.0,-70.0,852.0
856,881.0,2015-04-04,945.0,319.0,11.0,-72.0,851.0
857,879.0,2015-04-05,946.0,320.0,11.0,-77.0,850.0
858,882.0,2015-04-06,947.0,320.0,11.0,-70.0,853.0
859,883.0,2015-04-07,948.0,321.0,11.0,-73.0,854.0
860,884.0,2015-04-08,949.0,321.0,11.0,-72.0,851.0
861,885.0,2015-04-09,950.0,322.0,11.0,-73.0,850.0
862,888.0,2015-04-10,951.0,323.0,11.0,-75.0,849.0
863,886.0,2015-04-11,952.0,323.0,11.0,-69.0,847.0
864,887.0,2015-04-12,953.0,324.0,11.0,-71.0,847.0
865,889.0,2015-04-13,954.0,324.0,11.0,-73.0,847.0
866,892.0,2015-04-17,958.0,327.0,11.0,-74.0,848.0
867,891.0,2015-04-18,959.0,327.0,11.0,-78.0,846.0
868,893.0,2015-04-19,960.0,328.0,11.0,-76.0,846.0
869,895.0,2015-04-20,961.0,328.0,11.0,-71.0,849.0
870,894.0,2015-04-21,962.0,329.0,11.0,-73.0,845.0
871,896.0,2015-04-22,963.0,329.0,11.0,-71.0,850.0
872,897.0,2015-04-23,964.0,330.0,12.0,-72.0,847.0
873,898.0,2015-04-24,965.0,331.0,12.0,-75.0,847.0
874,900.0,2015-04-25,966.0,331.0,12.0,-73.0,850.0
875,899.0,2015-04-26,967.0,332.0,12.0,-74.0,844.0
876,901.0,2015-04-27,968.0,332.0,12.0,-71.0,848.0
877,902.0,2015-04-28,969.0,333.0,12.0,-72.0,844.0
878,903.0,2015-04-29,970.0,333.0,12.0,-71.0,849.0
879,906.0,2015-04-30,971.0,334.0,12.0,-71.0,848.0
880,904.0,2015-05-01,972.0,334.0,12.0,-73.0,847.0
881,905.0,2015-05-02,973.0,335.0,12.0,-72.0,844.0
882,907.0,2015-05-03,974.0,336.0,12.0,-73.0,842.0
883,908.0,2015-05-04,975.0,336.0,12.0,-73.0,843.0
884,909.0,2015-05-05,976.0,337.0,12.0,-75.0,842.0
885,910.0,2015-05-06,977.0,337.0,12.0,-75.0,841.0
886,913.0,2015-05-07,978.0,338.0,12.0,-73.0,842.0
887,912.0,2015-05-09,979.0,338.0,12.0,-79.0,841.0
888,911.0,2015-05-10,980.0,339.0,12.0,-73.0,840.0
889,914.0,2015-05-11,981.0,339.0,12.0,-73.0,841.0
890,917.0,2015-05-12,982.0,340.0,12.0,-74.0,840.0
891,916.0,2015-05-13,983.0,340.0,12.0,-76.0,840.0
892,915.0,2015-05-14,984.0,341.0,12.0,-74.0,840.0
893,918.0,2015-05-15,985.0,342.0,12.0,-78.0,840.0
894,919.0,2015-05-16,986.0,342.0,12.0,-74.0,840.0
895,920.0,2015-05-17,987.0,343.0,12.0,-74.0,839.0
896,922.0,2015-05-18,988.0,343.0,12.0,-75.0,840.0
897,921.0,2015-05-19,989.0,344.0,12.0,-74.0,841.0
898,923.0,2015-05-20,990.0,344.0,12.0,-76.0,839.0
899,926.0,2015-05-21,991.0,345.0,12.0,-73.0,840.0
900,924.0,2015-05-22,992.0,345.0,12.0,-73.0,842.0
901,927.0,2015-05-23,993.0,346.0,12.0,-73.0,840.0
902,925.0,2015-05-24,994.0,346.0,12.0,-79.0,842.0
903,929.0,2015-05-25,995.0,347.0,12.0,-74.0,842.0
904,928.0,2015-05-26,996.0,348.0,12.0,-72.0,842.0
905,930.0,2015-05-27,997.0,348.0,12.0,-74.0,843.0
906,931.0,2015-05-28,998.0,349.0,12.0,-73.0,842.0
907,932.0,2015-05-30,1000.0,350.0,12.0,-74.0,841.0
908,933.0,2015-05-31,1001.0,350.0,12.0,-79.0,843.0
909,936.0,2015-06-01,1002.0,351.0,12.0,-77.0,844.0
910,934.0,2015-06-02,1003.0,351.0,12.0,-74.0,843.0
911,935.0,2015-06-03,1004.0,352.0,12.0,-74.0,842.0
912,939.0,2015-06-04,1005.0,352.0,12.0,-75.0,843.0
913,941.0,2015-06-05,1006.0,353.0,12.0,-78.0,844.0
914,937.0,2015-06-06,1007.0,353.0,12.0,-79.0,845.0
915,940.0,2015-06-07,1008.0,354.0,12.0,-79.0,844.0
916,946.0,2015-06-08,1009.0,354.0,12.0,-75.0,845.0
917,947.0,2015-06-09,1010.0,355.0,12.0,-74.0,846.0
918,948.0,2015-06-10,1011.0,355.0,12.0,-78.0,845.0
919,949.0,2015-06-11,1012.0,356.0,12.0,-81.0,846.0
920,953.0,2015-06-12,1013.0,356.0,12.0,-80.0,846.0
921,950.0,2015-06-13,1014.0,357.0,12.0,-77.0,846.0
922,951.0,2015-06-14,1015.0,357.0,12.0,-75.0,847.0
923,952.0,2015-06-16,1016.0,358.0,12.0,-76.0,847.0
924,955.0,2015-06-17,1017.0,359.0,12.0,-78.0,850.0
925,956.0,2015-06-18,1018.0,359.0,12.0,-79.0,850.0
926,954.0,2015-06-19,1019.0,0.0,1.0,-81.0,849.0
927,938.0,2015-06-20,1020.0,0.0,1.0,-63.0,832.0
928,942.0,2015-06-21,1021.0,1.0,1.0,-76.0,850.0
929,944.0,2015-06-22,1022.0,1.0,1.0,-75.0,852.0
930,943.0,2015-06-23,1023.0,2.0,1.0,-76.0,851.0
931,945.0,2015-06-24,1024.0,2.0,1.0,-76.0,851.0
932,958.0,2015-06-25,1025.0,3.0,1.0,-74.0,851.0
933,957.0,2015-06-26,1026.0,3.0,1.0,-78.0,851.0
934,960.0,2015-06-28,1028.0,4.0,1.0,-75.0,853.0
935,959.0,2015-06-29,1029.0,5.0,1.0,-75.0,856.0
936,961.0,2015-06-30,1030.0,5.0,1.0,-77.0,855.0
937,963.0,2015-07-01,1031.0,6.0,1.0,-76.0,854.0
938,962.0,2015-07-02,1032.0,6.0,1.0,-74.0,854.0
939,965.0,2015-07-03,1033.0,7.0,1.0,-77.0,856.0
940,964.0,2015-07-04,1034.0,7.0,1.0,-76.0,859.0
941,966.0,2015-07-05,1035.0,8.0,1.0,-77.0,857.0
942,967.0,2015-07-06,1036.0,8.0,1.0,-76.0,856.0
943,968.0,2015-07-07,1037.0,9.0,1.0,-80.0,856.0
944,969.0,2015-07-08,1038.0,9.0,1.0,-76.0,858.0
945,970.0,2015-07-09,1039.0,10.0,1.0,-77.0,857.0
946,972.0,2015-07-10,1040.0,10.0,1.0,-77.0,858.0
947,971.0,2015-07-11,1041.0,11.0,1.0,-77.0,859.0
948,973.0,2015-07-12,1042.0,11.0,1.0,-76.0,859.0
949,974.0,2015-07-13,1043.0,12.0,1.0,-77.0,860.0
950,975.0,2015-07-14,1044.0,12.0,1.0,-79.0,860.0
951,978.0,2015-07-15,1045.0,13.0,1.0,-80.0,861.0
952,979.0,2015-07-16,1046.0,13.0,1.0,-77.0,862.0
953,977.0,2015-07-17,1047.0,14.0,1.0,-77.0,863.0
954,976.0,2015-07-18,1048.0,14.0,1.0,-78.0,864.0
955,980.0,2015-07-19,1049.0,15.0,1.0,-75.0,864.0
956,981.0,2015-07-20,1050.0,15.0,1.0,-76.0,863.0
957,983.0,2015-07-21,1051.0,16.0,1.0,-76.0,864.0
958,982.0,2015-07-23,1052.0,16.0,1.0,-78.0,865.0
959,984.0,2015-07-24,1053.0,17.0,1.0,-79.0,865.0
960,985.0,2015-07-25,1054.0,17.0,1.0,-77.0,867.0
961,987.0,2015-07-26,1055.0,17.0,1.0,-77.0,868.0
962,986.0,2015-07-27,1056.0,18.0,1.0,-76.0,868.0
963,988.0,2015-07-28,1057.0,18.0,1.0,-78.0,867.0
964,989.0,2015-07-29,1058.0,19.0,1.0,-78.0,868.0
965,990.0,2015-07-30,1059.0,19.0,1.0,-78.0,870.0
966,992.0,2015-07-31,1060.0,20.0,1.0,-78.0,870.0
967,993.0,2015-08-01,1061.0,20.0,1.0,-77.0,871.0
968,991.0,2015-08-02,1062.0,21.0,1.0,-77.0,871.0
969,994.0,2015-08-03,1063.0,21.0,1.0,-79.0,871.0
970,996.0,2015-08-04,1064.0,22.0,1.0,-77.0,871.0
971,995.0,2015-08-05,1065.0,22.0,1.0,-78.0,873.0
972,997.0,2015-08-06,1066.0,23.0,1.0,-78.0,875.0
973,998.0,2015-08-07,1067.0,23.0,1.0,-79.0,875.0
974,1000.0,2015-08-08,1068.0,24.0,1.0,-76.0,874.0
975,999.0,2015-08-09,1069.0,24.0,1.0,-77.0,876.0
976,1001.0,2015-08-10,1070.0,25.0,1.0,-80.0,877.0
977,1002.0,2015-08-11,1071.0,25.0,1.0,-78.0,878.0
978,1003.0,2015-08-12,1072.0,26.0,1.0,-78.0,879.0
979,1004.0,2015-08-13,1073.0,26.0,1.0,-82.0,879.0
980,1005.0,2015-08-14,1074.0,27.0,1.0,-77.0,878.0
981,1006.0,2015-08-15,1075.0,27.0,1.0,-77.0,879.0
982,1007.0,2015-08-16,1076.0,28.0,1.0,-81.0,880.0
983,1008.0,2015-08-17,1077.0,28.0,1.0,-79.0,880.0
984,1009.0,2015-08-18,1078.0,29.0,1.0,-80.0,881.0
985,1010.0,2015-08-19,1079.0,29.0,1.0,-80.0,882.0
986,1013.0,2015-08-20,1080.0,29.0,1.0,-77.0,882.0
987,1011.0,2015-08-21,1081.0,30.0,2.0,-77.0,882.0
988,1012.0,2015-08-22,1082.0,30.0,2.0,-79.0,882.0
989,1014.0,2015-08-23,1083.0,31.0,2.0,-80.0,883.0
990,1015.0,2015-08-24,1084.0,31.0,2.0,-78.0,885.0
991,1017.0,2015-08-25,1085.0,32.0,2.0,-79.0,886.0
992,1016.0,2015-08-26,1086.0,32.0,2.0,-77.0,885.0
993,1019.0,2015-08-27,1087.0,33.0,2.0,-78.0,885.0
994,1020.0,2015-08-29,1088.0,33.0,2.0,-77.0,885.0
995,1018.0,2015-08-30,1089.0,34.0,2.0,-76.0,885.0
996,1021.0,2015-08-31,1090.0,34.0,2.0,-78.0,886.0
997,1022.0,2015-09-01,1091.0,35.0,2.0,-77.0,886.0
998,1023.0,2015-09-02,1092.0,35.0,2.0,-79.0,886.0
999,1024.0,2015-09-03,1093.0,36.0,2.0,-77.0,887.0
1000,1026.0,2015-09-04,1094.0,36.0,2.0,-80.0,888.0
1001,1027.0,2015-09-05,1095.0,36.0,2.0,-79.0,888.0
1002,1025.0,2015-09-06,1096.0,37.0,2.0,-79.0,888.0
1003,1028.0,2015-09-07,1097.0,37.0,2.0,-78.0,889.0
1004,1029.0,2015-09-08,1098.0,38.0,2.0,-77.0,890.0
1005,1030.0,2015-09-09,1099.0,38.0,2.0,-78.0,891.0
1006,1031.0,2015-09-10,1100.0,39.0,2.0,-79.0,890.0
1007,1034.0,2015-09-11,1101.0,39.0,2.0,-80.0,891.0
1008,1032.0,2015-09-12,1102.0,40.0,2.0,-84.0,892.0
1009,1033.0,2015-09-13,1103.0,40.0,2.0,-81.0,893.0
1010,1035.0,2015-09-14,1104.0,41.0,2.0,-79.0,893.0
1011,1036.0,2015-09-15,1105.0,41.0,2.0,-78.0,892.0
1012,1037.0,2015-09-16,1106.0,42.0,2.0,-82.0,893.0
1013,1040.0,2015-09-17,1107.0,42.0,2.0,-79.0,893.0
1014,1038.0,2015-09-18,1108.0,42.0,2.0,-78.0,895.0
1015,1039.0,2015-09-19,1109.0,43.0,2.0,-82.0,895.0
1016,1041.0,2015-09-20,1110.0,43.0,2.0,-81.0,895.0
1017,1042.0,2015-09-21,1111.0,44.0,2.0,-79.0,896.0
1018,1043.0,2015-09-22,1112.0,44.0,2.0,-80.0,895.0
1019,1044.0,2015-09-23,1113.0,45.0,2.0,-79.0,895.0
1020,1045.0,2015-09-24,1114.0,45.0,2.0,-79.0,896.0
1021,1047.0,2015-09-25,1115.0,46.0,2.0,-80.0,897.0
1022,1046.0,2015-09-26,1116.0,46.0,2.0,-79.0,898.0
1023,1048.0,2015-09-27,1117.0,47.0,2.0,-79.0,898.0
1024,1049.0,2015-09-28,1118.0,47.0,2.0,-80.0,898.0
1025,1050.0,2015-09-29,1119.0,48.0,2.0,-81.0,899.0
1026,1051.0,2015-09-30,1120.0,48.0,2.0,-80.0,900.0
1027,1052.0,2015-10-01,1121.0,48.0,2.0,-81.0,901.0
1028,1053.0,2015-10-02,1122.0,49.0,2.0,-79.0,901.0
1029,1054.0,2015-10-03,1123.0,49.0,2.0,-79.0,900.0
1030,1055.0,2015-10-04,1124.0,50.0,2.0,-80.0,900.0
1031,1056.0,2015-10-06,1125.0,50.0,2.0,-79.0,900.0
1032,1057.0,2015-10-07,1126.0,51.0,2.0,-79.0,901.0
1033,1058.0,2015-10-08,1127.0,51.0,2.0,-80.0,901.0
1034,1059.0,2015-10-09,1128.0,52.0,2.0,-79.0,902.0
1035,1060.0,2015-10-10,1129.0,52.0,2.0,-80.0,902.0
1036,1061.0,2015-10-11,1130.0,53.0,2.0,-81.0,902.0
1037,1062.0,2015-10-12,1131.0,53.0,2.0,-81.0,902.0
1038,1063.0,2015-10-13,1132.0,53.0,2.0,-82.0,902.0
1039,1064.0,2015-10-14,1133.0,54.0,2.0,-82.0,902.0
1040,1065.0,2015-10-15,1134.0,54.0,2.0,-80.0,902.0
1041,1069.0,2015-10-16,1135.0,55.0,2.0,-81.0,901.0
1042,1066.0,2015-10-17,1136.0,55.0,2.0,-82.0,901.0
1043,1068.0,2015-10-18,1137.0,56.0,2.0,-81.0,901.0
1044,1067.0,2015-10-19,1138.0,56.0,2.0,-82.0,901.0
1045,1070.0,2015-10-20,1139.0,57.0,2.0,-80.0,901.0
1046,1071.0,2015-10-21,1140.0,57.0,2.0,-81.0,901.0
1047,1072.0,2015-10-22,1141.0,57.0,2.0,-82.0,902.0
1048,1073.0,2015-10-23,1142.0,58.0,2.0,-82.0,902.0
1049,1074.0,2015-10-24,1143.0,58.0,2.0,-82.0,901.0
1050,1075.0,2015-10-25,1144.0,59.0,2.0,-82.0,902.0
1051,1076.0,2015-10-26,1145.0,59.0,2.0,-82.0,903.0
1052,1077.0,2015-10-27,1146.0,60.0,3.0,-82.0,902.0
1053,1078.0,2015-10-28,1147.0,60.0,3.0,-80.0,901.0
1054,1080.0,2015-10-29,1148.0,61.0,3.0,-80.0,901.0
1055,1079.0,2015-10-30,1149.0,61.0,3.0,-81.0,902.0
1056,1081.0,2015-10-31,1150.0,62.0,3.0,-82.0,902.0
1057,1082.0,2015-11-01,1151.0,62.0,3.0,-82.0,901.0
1058,1086.0,2015-11-02,1152.0,62.0,3.0,-80.0,901.0
1059,1083.0,2015-11-03,1153.0,63.0,3.0,-82.0,900.0
1060,1088.0,2015-11-04,1154.0,63.0,3.0,-84.0,900.0
1061,1084.0,2015-11-05,1155.0,64.0,3.0,-84.0,900.0
1062,1085.0,2015-11-06,1156.0,64.0,3.0,-84.0,900.0
1063,1087.0,2015-11-07,1157.0,65.0,3.0,-82.0,900.0
1064,1089.0,2015-11-08,1158.0,65.0,3.0,-82.0,898.0
1065,1090.0,2015-11-09,1159.0,66.0,3.0,-82.0,898.0
1066,1091.0,2015-11-10,1160.0,66.0,3.0,-80.0,899.0
1067,1092.0,2015-11-12,1161.0,66.0,3.0,-83.0,898.0
1068,1093.0,2015-11-13,1162.0,67.0,3.0,-84.0,897.0
1069,1094.0,2015-11-14,1163.0,67.0,3.0,-86.0,896.0
1070,1095.0,2015-11-15,1164.0,68.0,3.0,-86.0,896.0
1071,1096.0,2015-11-16,1165.0,68.0,3.0,-84.0,897.0
1072,1097.0,2015-11-17,1166.0,69.0,3.0,-84.0,895.0
1073,1098.0,2015-11-18,1167.0,69.0,3.0,-84.0,894.0
1074,1102.0,2015-11-19,1168.0,70.0,3.0,-84.0,894.0
1075,1100.0,2015-11-20,1169.0,70.0,3.0,-89.0,894.0
1076,1101.0,2015-11-21,1170.0,71.0,3.0,-85.0,893.0
1077,1099.0,2015-11-22,1171.0,71.0,3.0,-87.0,892.0
1078,1104.0,2015-11-23,1172.0,71.0,3.0,-87.0,892.0
1079,1103.0,2015-11-24,1173.0,72.0,3.0,-87.0,892.0
1080,1105.0,2015-11-25,1174.0,72.0,3.0,-85.0,891.0
1081,1106.0,2015-11-26,1175.0,73.0,3.0,-85.0,890.0
1082,1107.0,2015-11-27,1176.0,73.0,3.0,-84.0,890.0
1083,1108.0,2015-11-28,1177.0,74.0,3.0,-84.0,888.0
1084,1109.0,2015-11-29,1178.0,74.0,3.0,-86.0,888.0
1085,1110.0,2015-11-30,1179.0,75.0,3.0,-85.0,887.0
1086,1111.0,2015-12-01,1180.0,75.0,3.0,-86.0,886.0
1087,1112.0,2015-12-02,1181.0,75.0,3.0,-86.0,885.0
1088,1114.0,2015-12-03,1182.0,76.0,3.0,-85.0,884.0
1089,1113.0,2015-12-04,1183.0,76.0,3.0,-86.0,883.0
1090,1115.0,2015-12-05,1184.0,77.0,3.0,-85.0,882.0
1091,1116.0,2015-12-06,1185.0,77.0,3.0,-84.0,881.0
1092,1117.0,2015-12-07,1186.0,78.0,3.0,-86.0,881.0
1093,1118.0,2015-12-08,1187.0,78.0,3.0,-84.0,881.0
1094,1119.0,2015-12-09,1188.0,79.0,3.0,-90.0,881.0
1095,1120.0,2015-12-10,1189.0,79.0,3.0,-87.0,879.0
1096,1121.0,2015-12-11,1190.0,79.0,3.0,-87.0,877.0
1097,1122.0,2015-12-12,1191.0,80.0,3.0,-87.0,876.0
1098,1123.0,2015-12-13,1192.0,80.0,3.0,-86.0,876.0
1099,1124.0,2015-12-14,1193.0,81.0,3.0,-84.0,875.0
1100,1125.0,2015-12-15,1194.0,81.0,3.0,-84.0,873.0
1101,1126.0,2015-12-16,1195.0,82.0,3.0,-86.0,872.0
1102,1129.0,2015-12-17,1196.0,82.0,3.0,-86.0,871.0
1103,1127.0,2015-12-18,1197.0,83.0,3.0,-85.0,869.0
1104,1128.0,2015-12-20,1198.0,83.0,3.0,-86.0,868.0
1105,1130.0,2015-12-21,1199.0,84.0,3.0,-86.0,868.0
1106,1131.0,2015-12-22,1200.0,84.0,3.0,-84.0,866.0
1107,1132.0,2015-12-23,1201.0,84.0,3.0,-85.0,866.0
1108,1133.0,2015-12-24,1202.0,85.0,3.0,-85.0,864.0
1109,1136.0,2015-12-25,1203.0,85.0,3.0,-85.0,863.0
1110,1135.0,2015-12-26,1204.0,86.0,3.0,-84.0,862.0
1111,1134.0,2015-12-27,1205.0,86.0,3.0,-86.0,861.0
1112,1137.0,2015-12-28,1206.0,87.0,3.0,-85.0,859.0
1113,1138.0,2015-12-29,1207.0,87.0,3.0,-85.0,858.0
1114,1139.0,2015-12-30,1208.0,88.0,3.0,-85.0,857.0
1115,1141.0,2015-12-31,1209.0,88.0,3.0,-85.0,855.0
1116,1140.0,2016-01-01,1210.0,88.0,3.0,-85.0,854.0
1117,1142.0,2016-01-02,1211.0,89.0,3.0,-83.0,853.0
1118,1143.0,2016-01-03,1212.0,89.0,3.0,-86.0,851.0
1119,1145.0,2016-01-04,1213.0,90.0,4.0,-84.0,851.0
1120,1144.0,2016-01-05,1214.0,90.0,4.0,-85.0,849.0
1121,1146.0,2016-01-06,1215.0,91.0,4.0,-85.0,848.0
1122,1147.0,2016-01-07,1216.0,91.0,4.0,-86.0,847.0
1123,1148.0,2016-01-08,1217.0,92.0,4.0,-88.0,846.0
1124,1149.0,2016-01-09,1218.0,92.0,4.0,-86.0,845.0
1125,1150.0,2016-01-10,1219.0,93.0,4.0,-87.0,844.0
1126,1151.0,2016-01-11,1220.0,93.0,4.0,-87.0,842.0
1127,1152.0,2016-01-12,1221.0,93.0,4.0,-87.0,841.0
1128,1153.0,2016-01-13,1222.0,94.0,4.0,-87.0,840.0
1129,1155.0,2016-01-14,1223.0,94.0,4.0,-88.0,839.0
1130,1154.0,2016-01-15,1224.0,95.0,4.0,-88.0,837.0
1131,1156.0,2016-01-16,1225.0,95.0,4.0,-87.0,836.0
1132,1157.0,2016-01-17,1226.0,96.0,4.0,-87.0,835.0
1133,1158.0,2016-01-18,1227.0,96.0,4.0,-88.0,833.0
1134,1159.0,2016-01-19,1228.0,97.0,4.0,-88.0,832.0
1135,1160.0,2016-01-20,1229.0,97.0,4.0,-88.0,831.0
1136,1161.0,2016-01-21,1230.0,98.0,4.0,-88.0,830.0
1137,1162.0,2016-01-22,1231.0,98.0,4.0,-88.0,828.0
1138,1163.0,2016-01-23,1232.0,99.0,4.0,-88.0,827.0
1139,1164.0,2016-01-24,1233.0,99.0,4.0,-88.0,826.0
1140,1166.0,2016-01-26,1234.0,99.0,4.0,-88.0,824.0
1141,1165.0,2016-01-27,1235.0,100.0,4.0,-88.0,824.0
1142,1170.0,2016-01-28,1236.0,100.0,4.0,-87.0,822.0
1143,1169.0,2016-01-29,1237.0,101.0,4.0,-88.0,820.0
1144,1167.0,2016-01-30,1238.0,101.0,4.0,-87.0,819.0
1145,1168.0,2016-01-31,1239.0,102.0,4.0,-89.0,818.0
1146,1171.0,2016-02-01,1240.0,102.0,4.0,-87.0,816.0
1147,1172.0,2016-02-02,1241.0,103.0,4.0,-87.0,816.0
1148,1173.0,2016-02-03,1242.0,103.0,4.0,-87.0,815.0
1149,1174.0,2016-02-04,1243.0,104.0,4.0,-86.0,814.0
1150,1175.0,2016-02-05,1244.0,104.0,4.0,-85.0,812.0
1151,1176.0,2016-02-06,1245.0,105.0,4.0,-86.0,811.0
1152,1178.0,2016-02-07,1246.0,105.0,4.0,-85.0,810.0
1153,1177.0,2016-02-08,1247.0,105.0,4.0,-85.0,809.0
1154,1179.0,2016-02-09,1248.0,106.0,4.0,-86.0,807.0
1155,1180.0,2016-02-10,1249.0,106.0,4.0,-85.0,806.0
1156,1182.0,2016-02-11,1250.0,107.0,4.0,-85.0,804.0
1157,1185.0,2016-02-12,1251.0,107.0,4.0,-85.0,803.0
1158,1184.0,2016-02-13,1252.0,108.0,4.0,-85.0,802.0
1159,1181.0,2016-02-14,1253.0,108.0,4.0,-85.0,800.0
1160,1183.0,2016-02-15,1254.0,109.0,4.0,-84.0,799.0
1161,1187.0,2016-02-16,1255.0,109.0,4.0,-84.0,798.0
1162,1186.0,2016-02-17,1256.0,110.0,4.0,-84.0,797.0
1163,1188.0,2016-02-18,1257.0,110.0,4.0,-84.0,794.0
1164,1189.0,2016-02-19,1258.0,111.0,4.0,-83.0,794.0
1165,1190.0,2016-02-20,1259.0,111.0,4.0,-84.0,794.0
1166,1191.0,2016-02-21,1260.0,112.0,4.0,-83.0,792.0
1167,1192.0,2016-02-22,1261.0,112.0,4.0,-81.0,790.0
1168,1193.0,2016-02-23,1262.0,112.0,4.0,-81.0,790.0
1169,1194.0,2016-02-24,1263.0,113.0,4.0,-84.0,788.0
1170,1195.0,2016-02-25,1264.0,113.0,4.0,-84.0,787.0
1171,1197.0,2016-02-26,1265.0,114.0,4.0,-81.0,787.0
1172,1196.0,2016-02-27,1266.0,114.0,4.0,-82.0,787.0
1173,1198.0,2016-02-28,1267.0,115.0,4.0,-83.0,786.0
1174,1199.0,2016-02-29,1268.0,115.0,4.0,-83.0,784.0
1175,1201.0,2016-03-01,1269.0,116.0,4.0,-83.0,782.0
1176,1200.0,2016-03-03,1270.0,116.0,4.0,-82.0,782.0
1177,1202.0,2016-03-04,1271.0,117.0,4.0,-84.0,781.0
1178,1203.0,2016-03-05,1272.0,117.0,4.0,-81.0,780.0
1179,1204.0,2016-03-06,1273.0,118.0,4.0,-79.0,778.0
1180,1205.0,2016-03-07,1274.0,118.0,4.0,-82.0,777.0
1181,1206.0,2016-03-08,1275.0,119.0,4.0,-82.0,775.0
1182,1207.0,2016-03-09,1276.0,119.0,4.0,-83.0,774.0
1183,1208.0,2016-03-10,1277.0,120.0,5.0,-84.0,774.0
1184,1210.0,2016-03-11,1278.0,120.0,5.0,-83.0,773.0
1185,1209.0,2016-03-12,1279.0,121.0,5.0,-83.0,772.0
1186,1211.0,2016-03-13,1280.0,121.0,5.0,-84.0,771.0
1187,1212.0,2016-03-14,1281.0,122.0,5.0,-83.0,769.0
1188,1213.0,2016-03-15,1282.0,122.0,5.0,-81.0,768.0
1189,1214.0,2016-03-16,1283.0,123.0,5.0,-82.0,767.0
1190,1216.0,2016-03-17,1284.0,123.0,5.0,-80.0,767.0
1191,1217.0,2016-03-18,1285.0,123.0,5.0,-80.0,766.0
1192,1215.0,2016-03-19,1286.0,124.0,5.0,-80.0,765.0
1193,1218.0,2016-03-20,1287.0,124.0,5.0,-80.0,764.0
1194,1219.0,2016-03-21,1288.0,125.0,5.0,-80.0,763.0
1195,1220.0,2016-03-24,1291.0,126.0,5.0,-80.0,760.0
1196,1222.0,2016-03-25,1292.0,127.0,5.0,-81.0,760.0
1197,1221.0,2016-03-26,1293.0,127.0,5.0,-81.0,758.0
1198,1223.0,2016-03-27,1294.0,128.0,5.0,-79.0,758.0
1199,1224.0,2016-03-28,1295.0,128.0,5.0,-79.0,757.0
1200,1226.0,2016-03-29,1296.0,129.0,5.0,-79.0,756.0
1201,1225.0,2016-03-30,1297.0,129.0,5.0,-80.0,755.0
1202,1229.0,2016-03-31,1298.0,130.0,5.0,-79.0,755.0
1203,1228.0,2016-04-01,1299.0,130.0,5.0,-80.0,753.0
1204,1227.0,2016-04-02,1300.0,131.0,5.0,-79.0,752.0
1205,1230.0,2016-04-03,1301.0,131.0,5.0,-78.0,752.0
1206,1231.0,2016-04-04,1302.0,132.0,5.0,-80.0,751.0
1207,1232.0,2016-04-05,1303.0,132.0,5.0,-78.0,751.0
1208,1233.0,2016-04-06,1304.0,133.0,5.0,-80.0,750.0
1209,1235.0,2016-04-07,1305.0,133.0,5.0,-80.0,749.0
1210,1234.0,2016-04-08,1306.0,134.0,5.0,-79.0,748.0
1211,1236.0,2016-04-10,1307.0,134.0,5.0,-80.0,748.0
1212,1237.0,2016-04-11,1308.0,135.0,5.0,-81.0,748.0
1213,1238.0,2016-04-12,1309.0,135.0,5.0,-81.0,747.0
1214,1239.0,2016-04-13,1310.0,136.0,5.0,-76.0,745.0
1215,1240.0,2016-04-14,1311.0,136.0,5.0,-78.0,745.0
1216,1243.0,2016-04-15,1312.0,137.0,5.0,-77.0,745.0
1217,1241.0,2016-04-16,1313.0,137.0,5.0,-77.0,745.0
1218,1242.0,2016-04-17,1314.0,138.0,5.0,-78.0,744.0
1219,1244.0,2016-04-18,1315.0,138.0,5.0,-77.0,744.0
1220,1245.0,2016-04-19,1316.0,139.0,5.0,-80.0,744.0
1221,1246.0,2016-04-20,1317.0,139.0,5.0,-80.0,743.0
1222,1247.0,2016-04-21,1318.0,140.0,5.0,-80.0,743.0
1223,1248.0,2016-04-22,1319.0,140.0,5.0,-78.0,742.0
1224,1250.0,2016-04-23,1320.0,141.0,5.0,-77.0,741.0
1225,1249.0,2016-04-24,1321.0,141.0,5.0,-77.0,740.0
1226,1251.0,2016-04-25,1322.0,142.0,5.0,-78.0,740.0
1227,1252.0,2016-04-26,1323.0,142.0,5.0,-77.0,738.0
1228,1253.0,2016-04-27,1324.0,143.0,5.0,-78.0,738.0
1229,1256.0,2016-04-28,1325.0,144.0,5.0,-78.0,738.0
1230,1254.0,2016-04-29,1326.0,144.0,5.0,-77.0,738.0
1231,1255.0,2016-04-30,1327.0,145.0,5.0,-76.0,736.0
1232,1257.0,2016-05-01,1328.0,145.0,5.0,-77.0,735.0
1233,1258.0,2016-05-02,1329.0,146.0,5.0,-74.0,735.0
1234,1259.0,2016-05-03,1330.0,146.0,5.0,-78.0,734.0
1235,1260.0,2016-05-04,1331.0,147.0,5.0,-76.0,734.0
1236,1262.0,2016-05-05,1332.0,147.0,5.0,-78.0,734.0
1237,1263.0,2016-05-06,1333.0,148.0,5.0,-76.0,733.0
1238,1261.0,2016-05-07,1334.0,148.0,5.0,-77.0,732.0
1239,1264.0,2016-05-08,1335.0,149.0,5.0,-77.0,732.0
1240,1265.0,2016-05-09,1336.0,149.0,5.0,-75.0,732.0
1241,1266.0,2016-05-10,1337.0,150.0,6.0,-76.0,734.0
1242,1267.0,2016-05-11,1338.0,150.0,6.0,-75.0,734.0
1243,1268.0,2016-05-12,1339.0,151.0,6.0,-77.0,733.0
1244,1269.0,2016-05-13,1340.0,151.0,6.0,-76.0,734.0
1245,1270.0,2016-05-14,1341.0,152.0,6.0,-76.0,735.0
1246,1271.0,2016-05-15,1342.0,152.0,6.0,-80.0,735.0
1247,1272.0,2016-05-17,1343.0,153.0,6.0,-74.0,735.0
1248,1273.0,2016-05-18,1344.0,153.0,6.0,-75.0,734.0
1249,1276.0,2016-05-19,1345.0,154.0,6.0,-75.0,735.0
1250,1274.0,2016-05-20,1346.0,155.0,6.0,-75.0,737.0
1251,1277.0,2016-05-21,1347.0,155.0,6.0,-75.0,736.0
1252,1275.0,2016-05-22,1348.0,156.0,6.0,-76.0,735.0
1253,1278.0,2016-05-23,1349.0,156.0,6.0,-73.0,737.0
1254,1279.0,2016-05-24,1350.0,157.0,6.0,-73.0,738.0
1255,1280.0,2016-05-25,1351.0,157.0,6.0,-72.0,739.0
1256,1283.0,2016-05-26,1352.0,158.0,6.0,-73.0,736.0
1257,1281.0,2016-05-27,1353.0,158.0,6.0,-76.0,737.0
1258,1282.0,2016-05-28,1354.0,159.0,6.0,-75.0,739.0
1259,1284.0,2016-05-29,1355.0,159.0,6.0,-75.0,740.0
1260,1286.0,2016-05-30,1356.0,160.0,6.0,-74.0,739.0
1261,1285.0,2016-05-31,1357.0,160.0,6.0,-72.0,738.0
1262,1287.0,2016-06-01,1358.0,161.0,6.0,-74.0,738.0
1263,1288.0,2016-06-02,1359.0,162.0,6.0,-76.0,739.0
1264,1289.0,2016-06-03,1360.0,162.0,6.0,-76.0,739.0
1265,1290.0,2016-06-04,1361.0,163.0,6.0,-75.0,739.0
1266,1291.0,2016-06-05,1362.0,163.0,6.0,-74.0,739.0
1267,1292.0,2016-06-06,1363.0,164.0,6.0,-75.0,740.0
1268,1293.0,2016-06-07,1364.0,164.0,6.0,-74.0,740.0
1269,1294.0,2016-06-08,1365.0,165.0,6.0,-74.0,739.0
1270,1295.0,2016-06-09,1366.0,165.0,6.0,-75.0,740.0
1271,1296.0,2016-06-10,1367.0,166.0,6.0,-74.0,743.0
1272,1297.0,2016-06-11,1368.0,167.0,6.0,-74.0,743.0
1273,1299.0,2016-06-12,1369.0,167.0,6.0,-73.0,742.0
1274,1298.0,2016-06-13,1370.0,168.0,6.0,-74.0,744.0
1275,1301.0,2016-06-14,1371.0,168.0,6.0,-75.0,746.0
1276,1300.0,2016-06-15,1372.0,169.0,6.0,-74.0,745.0
1277,1303.0,2016-06-16,1373.0,169.0,6.0,-74.0,746.0
1278,1302.0,2016-06-17,1374.0,170.0,6.0,-75.0,748.0
1279,1304.0,2016-06-18,1375.0,170.0,6.0,-73.0,749.0
1280,1305.0,2016-06-19,1376.0,171.0,6.0,-75.0,749.0
1281,1306.0,2016-06-20,1377.0,172.0,6.0,-76.0,749.0
1282,1308.0,2016-06-21,1378.0,172.0,6.0,-76.0,751.0
1283,1307.0,2016-06-23,1379.0,173.0,6.0,-77.0,751.0
1284,1311.0,2016-06-24,1380.0,173.0,6.0,-74.0,751.0
1285,1309.0,2016-06-25,1381.0,174.0,6.0,-73.0,751.0
1286,1310.0,2016-06-26,1382.0,174.0,6.0,-76.0,752.0
1287,1312.0,2016-06-27,1383.0,175.0,6.0,-73.0,752.0
1288,1313.0,2016-06-28,1384.0,176.0,6.0,-74.0,753.0
1289,1314.0,2016-06-29,1385.0,176.0,6.0,-75.0,755.0
1290,1315.0,2016-06-30,1386.0,177.0,6.0,-74.0,755.0
1291,1316.0,2016-07-01,1387.0,177.0,6.0,-74.0,755.0
1292,1317.0,2016-07-02,1388.0,178.0,6.0,-73.0,756.0
1293,1318.0,2016-07-12,1398.0,184.0,7.0,-66.0,751.0
1294,1319.0,2016-07-13,1399.0,184.0,7.0,-73.0,770.0
1295,1322.0,2016-07-14,1400.0,185.0,7.0,-73.0,770.0
1296,1321.0,2016-07-15,1401.0,185.0,7.0,-73.0,770.0
1297,1320.0,2016-07-16,1402.0,186.0,7.0,-75.0,771.0
1298,1323.0,2016-07-17,1403.0,187.0,7.0,-75.0,771.0
1299,1324.0,2016-07-18,1404.0,187.0,7.0,-75.0,774.0
1300,1325.0,2016-07-19,1405.0,188.0,7.0,-75.0,775.0
1301,1328.0,2016-07-20,1406.0,188.0,7.0,-76.0,775.0
1302,1329.0,2016-07-21,1407.0,189.0,7.0,-74.0,779.0
1303,1327.0,2016-07-22,1408.0,190.0,7.0,-75.0,779.0
1304,1326.0,2016-07-23,1409.0,190.0,7.0,-74.0,781.0
1305,1330.0,2016-07-24,1410.0,191.0,7.0,-72.0,782.0
1306,1331.0,2016-07-25,1411.0,191.0,7.0,-72.0,782.0
1307,1333.0,2016-07-26,1412.0,192.0,7.0,-78.0,784.0
1308,1332.0,2016-07-27,1413.0,193.0,7.0,-72.0,784.0
1309,1336.0,2016-07-28,1414.0,193.0,7.0,-73.0,785.0
1310,1334.0,2016-07-29,1415.0,194.0,7.0,-72.0,787.0
1311,1335.0,2016-07-31,1416.0,194.0,7.0,-72.0,791.0
1312,1337.0,2016-08-01,1417.0,195.0,7.0,-70.0,791.0
1313,1338.0,2016-08-02,1418.0,196.0,7.0,-73.0,793.0
1314,1339.0,2016-08-03,1419.0,196.0,7.0,-73.0,793.0
1315,1340.0,2016-08-04,1420.0,197.0,7.0,-71.0,793.0
1316,1343.0,2016-08-05,1421.0,197.0,7.0,-72.0,797.0
1317,1342.0,2016-08-06,1422.0,198.0,7.0,-72.0,798.0
1318,1341.0,2016-08-07,1423.0,199.0,7.0,-71.0,800.0
1319,1344.0,2016-08-08,1424.0,199.0,7.0,-72.0,803.0
1320,1345.0,2016-08-09,1425.0,200.0,7.0,-72.0,804.0
1321,1346.0,2016-08-10,1426.0,200.0,7.0,-71.0,803.0
1322,1347.0,2016-08-11,1427.0,201.0,7.0,-72.0,807.0
1323,1348.0,2016-08-12,1428.0,202.0,7.0,-72.0,808.0
1324,1349.0,2016-08-13,1429.0,202.0,7.0,-70.0,810.0
1325,1351.0,2016-08-14,1430.0,203.0,7.0,-69.0,810.0
1326,1350.0,2016-08-15,1431.0,204.0,7.0,-69.0,811.0
1327,1352.0,2016-08-16,1432.0,204.0,7.0,-71.0,813.0
1328,1353.0,2016-08-17,1433.0,205.0,7.0,-70.0,818.0
1329,1356.0,2016-08-18,1434.0,205.0,7.0,-70.0,818.0
1330,1355.0,2016-08-19,1435.0,206.0,7.0,-71.0,823.0
1331,1354.0,2016-08-20,1436.0,207.0,7.0,-72.0,825.0
1332,1357.0,2016-08-21,1437.0,207.0,7.0,-71.0,821.0
1333,1358.0,2016-08-22,1438.0,208.0,7.0,-68.0,823.0
1334,1360.0,2016-08-23,1439.0,208.0,7.0,-71.0,828.0
1335,1359.0,2016-08-24,1440.0,209.0,7.0,-70.0,828.0
1336,1361.0,2016-08-25,1441.0,210.0,8.0,-74.0,828.0
1337,1362.0,2016-08-26,1442.0,210.0,8.0,-68.0,829.0
1338,1363.0,2016-08-27,1443.0,211.0,8.0,-69.0,831.0
1339,1364.0,2016-08-28,1444.0,212.0,8.0,-69.0,833.0
1340,1365.0,2016-08-29,1445.0,212.0,8.0,-69.0,836.0
1341,1366.0,2016-08-30,1446.0,213.0,8.0,-70.0,841.0
1342,1367.0,2016-08-31,1447.0,214.0,8.0,-74.0,841.0
1343,1369.0,2016-09-01,1448.0,214.0,8.0,-69.0,841.0
1344,1368.0,2016-09-02,1449.0,215.0,8.0,-71.0,841.0
1345,1370.0,2016-09-03,1450.0,215.0,8.0,-69.0,842.0
1346,1371.0,2016-09-04,1451.0,216.0,8.0,-71.0,842.0
1347,1373.0,2016-09-06,1452.0,217.0,8.0,-74.0,845.0
1348,1372.0,2016-09-07,1453.0,217.0,8.0,-73.0,850.0
1349,1374.0,2016-09-08,1454.0,218.0,8.0,-69.0,854.0
1350,1377.0,2016-09-09,1455.0,219.0,8.0,-70.0,858.0
1351,1376.0,2016-09-10,1456.0,219.0,8.0,-69.0,859.0
1352,1375.0,2016-09-11,1457.0,220.0,8.0,-69.0,860.0
1353,1378.0,2016-09-12,1458.0,220.0,8.0,-69.0,859.0
1354,1379.0,2016-09-13,1459.0,221.0,8.0,-71.0,861.0
1355,1380.0,2016-09-14,1460.0,222.0,8.0,-70.0,865.0
1356,1382.0,2016-09-15,1461.0,222.0,8.0,-69.0,870.0
1357,1381.0,2016-09-16,1462.0,223.0,8.0,-68.0,871.0
1358,1383.0,2016-09-17,1463.0,224.0,8.0,-68.0,871.0
1359,1384.0,2016-09-18,1464.0,224.0,8.0,-71.0,871.0
1360,1385.0,2016-09-19,1465.0,225.0,8.0,-68.0,870.0
1361,1386.0,2016-09-20,1466.0,226.0,8.0,-67.0,873.0
1362,1387.0,2016-09-21,1467.0,226.0,8.0,-69.0,877.0
1363,1388.0,2016-09-22,1468.0,227.0,8.0,-70.0,879.0
1364,1389.0,2016-09-23,1469.0,228.0,8.0,-72.0,881.0
1365,1391.0,2016-09-24,1470.0,228.0,8.0,-70.0,879.0
1366,1392.0,2016-09-25,1471.0,229.0,8.0,-71.0,880.0
1367,1390.0,2016-09-26,1472.0,229.0,8.0,-68.0,879.0
1368,1393.0,2016-09-27,1473.0,230.0,8.0,-67.0,881.0
1369,1394.0,2016-09-28,1474.0,231.0,8.0,-68.0,889.0
1370,1396.0,2016-09-29,1475.0,231.0,8.0,-72.0,890.0
1371,1395.0,2016-09-30,1476.0,232.0,8.0,-69.0,888.0
1372,1397.0,2016-10-01,1477.0,233.0,8.0,-72.0,888.0
1373,1399.0,2016-10-02,1478.0,233.0,8.0,-68.0,887.0
1374,1398.0,2016-10-03,1479.0,234.0,8.0,-66.0,890.0
1375,1400.0,2016-10-04,1480.0,235.0,8.0,-68.0,893.0
1376,1401.0,2016-10-05,1481.0,235.0,8.0,-70.0,893.0
1377,1403.0,2016-10-06,1482.0,236.0,8.0,-68.0,893.0
1378,1402.0,2016-10-07,1483.0,237.0,8.0,-68.0,892.0
1379,1404.0,2016-10-08,1484.0,237.0,8.0,-68.0,895.0
1380,1405.0,2016-10-09,1485.0,238.0,8.0,-71.0,899.0
1381,1406.0,2016-10-10,1486.0,239.0,8.0,-71.0,901.0
1382,1407.0,2016-10-11,1487.0,239.0,8.0,-68.0,901.0
1383,1408.0,2016-10-12,1488.0,240.0,9.0,-69.0,902.0
1384,1410.0,2016-10-14,1489.0,240.0,9.0,-68.0,903.0
1385,1411.0,2016-10-15,1490.0,241.0,9.0,-66.0,904.0
1386,1409.0,2016-10-16,1491.0,242.0,9.0,-69.0,906.0
1387,1412.0,2016-10-17,1492.0,242.0,9.0,-68.0,910.0
1388,1413.0,2016-10-18,1493.0,243.0,9.0,-70.0,905.0
1389,1414.0,2016-10-19,1494.0,244.0,9.0,-70.0,904.0
1390,1416.0,2016-10-20,1495.0,244.0,9.0,-71.0,903.0
1391,1415.0,2016-10-21,1496.0,245.0,9.0,-72.0,906.0
1392,1417.0,2016-10-22,1497.0,246.0,9.0,-68.0,909.0
1393,1418.0,2016-10-23,1498.0,246.0,9.0,-68.0,907.0
1394,1419.0,2016-10-24,1499.0,247.0,9.0,-69.0,903.0
1395,1420.0,2016-10-25,1500.0,248.0,9.0,-70.0,903.0
1396,1421.0,2016-10-26,1501.0,248.0,9.0,-69.0,903.0
1397,1422.0,2016-10-27,1502.0,249.0,9.0,-69.0,907.0
1398,1424.0,2016-10-28,1503.0,250.0,9.0,-70.0,909.0
1399,1423.0,2016-10-29,1504.0,250.0,9.0,-69.0,910.0
1400,1425.0,2016-10-30,1505.0,251.0,9.0,-69.0,906.0
1401,1426.0,2016-10-31,1506.0,252.0,9.0,-71.0,907.0
1402,1427.0,2016-11-01,1507.0,252.0,9.0,-70.0,907.0
1403,1428.0,2016-11-02,1508.0,253.0,9.0,-70.0,907.0
1404,1430.0,2016-11-03,1509.0,254.0,9.0,-70.0,910.0
1405,1431.0,2016-11-04,1510.0,254.0,9.0,-70.0,908.0
1406,1429.0,2016-11-05,1511.0,255.0,9.0,-77.0,908.0
1407,1432.0,2016-11-06,1512.0,255.0,9.0,-78.0,906.0
1408,1433.0,2016-11-07,1513.0,256.0,9.0,-74.0,907.0
1409,1434.0,2016-11-08,1514.0,257.0,9.0,-73.0,906.0
1410,1435.0,2016-11-09,1515.0,257.0,9.0,-76.0,906.0
1411,1436.0,2016-11-10,1516.0,258.0,9.0,-71.0,909.0
1412,1437.0,2016-11-11,1517.0,259.0,9.0,-76.0,911.0
1413,1438.0,2016-11-12,1518.0,259.0,9.0,-78.0,909.0
1414,1440.0,2016-11-13,1519.0,260.0,9.0,-72.0,906.0
1415,1439.0,2016-11-14,1520.0,261.0,9.0,-73.0,905.0
1416,1441.0,2016-11-15,1521.0,261.0,9.0,-71.0,905.0
1417,1442.0,2016-11-16,1522.0,262.0,9.0,-71.0,905.0
1418,1443.0,2016-11-17,1523.0,263.0,9.0,-77.0,905.0
1419,1444.0,2016-11-18,1524.0,263.0,9.0,-76.0,904.0
1420,1445.0,2016-11-20,1525.0,264.0,9.0,-74.0,902.0
1421,1446.0,2016-11-21,1526.0,265.0,9.0,-72.0,900.0
1422,1449.0,2016-11-22,1527.0,265.0,9.0,-71.0,900.0
1423,1450.0,2016-11-23,1528.0,266.0,9.0,-72.0,898.0
1424,1451.0,2016-11-24,1529.0,267.0,9.0,-73.0,900.0
1425,1452.0,2016-11-25,1530.0,267.0,9.0,-71.0,899.0
1426,1447.0,2016-11-26,1531.0,268.0,9.0,-76.0,900.0
1427,1448.0,2016-11-27,1532.0,268.0,9.0,-72.0,900.0
1428,1453.0,2016-11-28,1533.0,269.0,9.0,-72.0,896.0
1429,1454.0,2016-11-29,1534.0,270.0,10.0,-73.0,898.0
1430,1455.0,2016-11-30,1535.0,270.0,10.0,-73.0,900.0
1431,1456.0,2016-12-01,1536.0,271.0,10.0,-71.0,901.0
1432,1458.0,2016-12-02,1537.0,272.0,10.0,-74.0,900.0
1433,1457.0,2016-12-03,1538.0,272.0,10.0,-73.0,898.0
1434,1459.0,2016-12-04,1539.0,273.0,10.0,-74.0,896.0
1435,1460.0,2016-12-05,1540.0,274.0,10.0,-72.0,896.0
1436,1461.0,2016-12-06,1541.0,274.0,10.0,-76.0,895.0
1437,1462.0,2016-12-07,1542.0,275.0,10.0,-73.0,895.0
1438,1464.0,2016-12-08,1543.0,276.0,10.0,-74.0,896.0
1439,1463.0,2016-12-09,1544.0,276.0,10.0,-71.0,894.0
1440,1465.0,2016-12-10,1545.0,277.0,10.0,-73.0,891.0
1441,1467.0,2016-12-11,1546.0,277.0,10.0,-73.0,889.0
1442,1466.0,2016-12-12,1547.0,278.0,10.0,-75.0,887.0
1443,1468.0,2016-12-13,1548.0,279.0,10.0,-76.0,887.0
1444,1469.0,2016-12-14,1549.0,279.0,10.0,-76.0,887.0
1445,1472.0,2016-12-15,1550.0,280.0,10.0,-71.0,888.0
1446,1471.0,2016-12-16,1551.0,281.0,10.0,-71.0,886.0
1447,1470.0,2016-12-17,1552.0,281.0,10.0,-74.0,886.0
1448,1474.0,2016-12-18,1553.0,282.0,10.0,-77.0,884.0
1449,1473.0,2016-12-19,1554.0,283.0,10.0,-70.0,882.0
1450,1477.0,2016-12-20,1555.0,283.0,10.0,-71.0,883.0
1451,1478.0,2016-12-21,1556.0,284.0,10.0,-72.0,883.0
1452,1475.0,2016-12-22,1557.0,284.0,10.0,-70.0,883.0
1453,1476.0,2016-12-23,1558.0,285.0,10.0,-72.0,880.0
1454,1484.0,2016-12-24,1559.0,286.0,10.0,-76.0,879.0
1455,1482.0,2016-12-25,1560.0,286.0,10.0,-76.0,877.0
1456,1485.0,2016-12-27,1561.0,287.0,10.0,-77.0,877.0
1457,1479.0,2016-12-28,1562.0,288.0,10.0,-73.0,877.0
1458,1483.0,2016-12-29,1563.0,288.0,10.0,-75.0,879.0
1459,1481.0,2016-12-30,1564.0,289.0,10.0,-70.0,877.0
1460,1480.0,2016-12-31,1565.0,290.0,10.0,-72.0,874.0
1461,1487.0,2017-01-01,1566.0,290.0,10.0,-76.0,876.0
1462,1486.0,2017-01-02,1567.0,291.0,10.0,-70.0,872.0
1463,1488.0,2017-01-03,1568.0,291.0,10.0,-71.0,876.0
1464,1492.0,2017-01-04,1569.0,292.0,10.0,-70.0,873.0
1465,1491.0,2017-01-05,1570.0,293.0,10.0,-71.0,873.0
1466,1490.0,2017-01-06,1571.0,293.0,10.0,-70.0,873.0
1467,1489.0,2017-01-07,1572.0,294.0,10.0,-81.0,869.0
1468,1493.0,2017-01-08,1573.0,295.0,10.0,-74.0,872.0
1469,1495.0,2017-01-09,1574.0,295.0,10.0,-72.0,868.0
1470,1494.0,2017-01-10,1575.0,296.0,10.0,-73.0,871.0
1471,1496.0,2017-01-11,1576.0,296.0,10.0,-72.0,869.0
1472,1498.0,2017-01-12,1577.0,297.0,10.0,-72.0,866.0
1473,1499.0,2017-01-13,1578.0,298.0,10.0,-74.0,868.0
1474,1500.0,2017-01-14,1579.0,298.0,10.0,-73.0,862.0
1475,1497.0,2017-01-15,1580.0,299.0,10.0,-72.0,867.0
1476,1501.0,2017-01-16,1581.0,299.0,10.0,-72.0,862.0
1477,1503.0,2017-01-17,1582.0,300.0,11.0,-74.0,862.0
1478,1502.0,2017-01-18,1583.0,301.0,11.0,-75.0,862.0
1479,1505.0,2017-01-19,1584.0,301.0,11.0,-77.0,860.0
1480,1506.0,2017-01-20,1585.0,302.0,11.0,-76.0,864.0
1481,1504.0,2017-01-21,1586.0,303.0,11.0,-72.0,858.0
1482,1508.0,2017-01-22,1587.0,303.0,11.0,-73.0,860.0
1483,1507.0,2017-01-23,1588.0,304.0,11.0,-72.0,858.0
1484,1510.0,2017-01-24,1589.0,304.0,11.0,-72.0,857.0
1485,1509.0,2017-01-25,1590.0,305.0,11.0,-76.0,860.0
1486,1512.0,2017-01-26,1591.0,306.0,11.0,-73.0,852.0
1487,1511.0,2017-01-27,1592.0,306.0,11.0,-71.0,857.0
1488,1513.0,2017-01-28,1593.0,307.0,11.0,-72.0,852.0
1489,1514.0,2017-01-29,1594.0,307.0,11.0,-74.0,855.0
1490,1515.0,2017-01-30,1595.0,308.0,11.0,-71.0,855.0
1491,1516.0,2017-01-31,1596.0,309.0,11.0,-74.0,850.0
1492,1517.0,2017-02-01,1597.0,309.0,11.0,-73.0,855.0
1493,1519.0,2017-02-03,1598.0,310.0,11.0,-70.0,849.0
1494,1518.0,2017-02-04,1599.0,310.0,11.0,-72.0,853.0
1495,1520.0,2017-02-05,1600.0,311.0,11.0,-71.0,850.0
1496,1522.0,2017-02-06,1601.0,312.0,11.0,-71.0,853.0
1497,1521.0,2017-02-07,1602.0,312.0,11.0,-77.0,852.0
1498,1523.0,2017-02-08,1603.0,313.0,11.0,-76.0,847.0
1499,1524.0,2017-02-09,1604.0,313.0,11.0,-77.0,850.0
1500,1526.0,2017-02-10,1605.0,314.0,11.0,-73.0,846.0
1501,1525.0,2017-02-11,1606.0,315.0,11.0,-75.0,850.0
1502,1528.0,2017-02-12,1607.0,315.0,11.0,-77.0,846.0
1503,1527.0,2017-02-13,1608.0,316.0,11.0,-72.0,847.0
1504,1529.0,2017-02-14,1609.0,316.0,11.0,-71.0,847.0
1505,1534.0,2017-02-18,1613.0,319.0,11.0,-72.0,846.0
1506,1533.0,2017-02-19,1614.0,319.0,11.0,-73.0,837.0
1507,1536.0,2017-02-20,1615.0,320.0,11.0,-73.0,842.0
1508,1535.0,2017-02-21,1616.0,320.0,11.0,-73.0,848.0
1509,1537.0,2017-02-22,1617.0,321.0,11.0,-72.0,840.0
1510,1540.0,2017-02-23,1618.0,322.0,11.0,-71.0,845.0
1511,1538.0,2017-02-24,1619.0,322.0,11.0,-73.0,841.0
1512,1539.0,2017-02-25,1620.0,323.0,11.0,-70.0,844.0
1513,1541.0,2017-02-26,1621.0,323.0,11.0,-73.0,842.0
1514,1542.0,2017-02-27,1622.0,324.0,11.0,-71.0,841.0
1515,1544.0,2017-02-28,1623.0,324.0,11.0,-71.0,840.0
1516,1543.0,2017-03-01,1624.0,325.0,11.0,-72.0,837.0
1517,1546.0,2017-03-02,1625.0,326.0,11.0,-71.0,839.0
1518,1545.0,2017-03-03,1626.0,326.0,11.0,-71.0,839.0
1519,1547.0,2017-03-04,1627.0,327.0,11.0,-72.0,838.0
1520,1549.0,2017-03-05,1628.0,327.0,11.0,-71.0,839.0
1521,1548.0,2017-03-06,1629.0,328.0,11.0,-74.0,837.0
1522,1551.0,2017-03-07,1630.0,328.0,11.0,-77.0,838.0
1523,1550.0,2017-03-08,1631.0,329.0,11.0,-77.0,837.0
1524,1552.0,2017-03-09,1632.0,330.0,12.0,-72.0,836.0
1525,1554.0,2017-03-10,1633.0,330.0,12.0,-75.0,834.0
1526,1553.0,2017-03-12,1634.0,331.0,12.0,-72.0,834.0
1527,1555.0,2017-03-13,1635.0,331.0,12.0,-73.0,833.0
1528,1556.0,2017-03-14,1636.0,332.0,12.0,-72.0,834.0
1529,1557.0,2017-03-15,1637.0,332.0,12.0,-73.0,833.0
1530,1559.0,2017-03-16,1638.0,333.0,12.0,-73.0,833.0
1531,1558.0,2017-03-17,1639.0,334.0,12.0,-71.0,832.0
1532,1561.0,2017-03-18,1640.0,334.0,12.0,-72.0,832.0
1533,1560.0,2017-03-19,1641.0,335.0,12.0,-72.0,831.0
1534,1564.0,2017-03-20,1642.0,335.0,12.0,-72.0,829.0
1535,1563.0,2017-03-21,1643.0,336.0,12.0,-74.0,832.0
1536,1562.0,2017-03-22,1644.0,336.0,12.0,-74.0,832.0
1537,1567.0,2017-03-23,1645.0,337.0,12.0,-74.0,832.0
1538,1565.0,2017-03-24,1646.0,337.0,12.0,-74.0,831.0
1539,1566.0,2017-03-25,1647.0,338.0,12.0,-73.0,831.0
1540,1568.0,2017-03-26,1648.0,339.0,12.0,-73.0,830.0
1541,1569.0,2017-03-27,1649.0,339.0,12.0,-74.0,830.0
1542,1570.0,2017-03-28,1650.0,340.0,12.0,-75.0,833.0
1543,1571.0,2017-03-29,1651.0,340.0,12.0,-77.0,833.0
1544,1572.0,2017-03-30,1652.0,341.0,12.0,-76.0,834.0
1545,1573.0,2017-03-31,1653.0,341.0,12.0,-75.0,833.0
1546,1575.0,2017-04-01,1654.0,342.0,12.0,-75.0,829.0
1547,1574.0,2017-04-02,1655.0,342.0,12.0,-76.0,831.0
1548,1576.0,2017-04-03,1656.0,343.0,12.0,-75.0,832.0
1549,1578.0,2017-04-04,1657.0,343.0,12.0,-75.0,836.0
1550,1577.0,2017-04-05,1658.0,344.0,12.0,-77.0,835.0
1551,1579.0,2017-04-06,1659.0,345.0,12.0,-77.0,832.0
1552,1581.0,2017-04-07,1660.0,345.0,12.0,-74.0,832.0
1553,1580.0,2017-04-08,1661.0,346.0,12.0,-75.0,831.0
1554,1583.0,2017-04-09,1662.0,346.0,12.0,-75.0,831.0
1555,1584.0,2017-04-10,1663.0,347.0,12.0,-74.0,832.0
1556,1586.0,2017-04-11,1664.0,347.0,12.0,-74.0,832.0
1557,1585.0,2017-04-12,1665.0,348.0,12.0,-76.0,833.0
1558,1582.0,2017-04-13,1666.0,348.0,12.0,-76.0,834.0
1559,1588.0,2017-04-14,1667.0,349.0,12.0,-76.0,833.0
1560,1587.0,2017-04-15,1668.0,349.0,12.0,-77.0,831.0
1561,1589.0,2017-04-16,1669.0,350.0,12.0,-74.0,833.0
1562,1590.0,2017-04-18,1670.0,350.0,12.0,-76.0,834.0
1563,1591.0,2017-04-19,1671.0,351.0,12.0,-76.0,832.0
1564,1592.0,2017-04-20,1672.0,351.0,12.0,-74.0,833.0
1565,1594.0,2017-04-21,1673.0,352.0,12.0,-75.0,836.0
1566,1593.0,2017-04-22,1674.0,352.0,12.0,-75.0,835.0
1567,1595.0,2017-04-23,1675.0,353.0,12.0,-75.0,835.0
1568,1596.0,2017-04-24,1676.0,354.0,12.0,-76.0,837.0
1569,1597.0,2017-04-25,1677.0,354.0,12.0,-74.0,835.0
1570,1598.0,2017-04-26,1678.0,355.0,12.0,-74.0,836.0
1571,1599.0,2017-04-27,1679.0,355.0,12.0,-75.0,836.0
1572,1601.0,2017-04-28,1680.0,356.0,12.0,-74.0,835.0
1573,1602.0,2017-04-29,1681.0,356.0,12.0,-74.0,837.0
1574,1603.0,2017-04-30,1682.0,357.0,12.0,-76.0,839.0
1575,1600.0,2017-05-01,1683.0,357.0,12.0,-75.0,837.0
1576,1604.0,2017-05-02,1684.0,358.0,12.0,-75.0,837.0
1577,1605.0,2017-05-03,1685.0,358.0,12.0,-77.0,838.0
1578,1607.0,2017-05-04,1686.0,359.0,12.0,-75.0,838.0
1579,1608.0,2017-05-05,1687.0,359.0,12.0,-75.0,838.0
1580,1606.0,2017-05-06,1688.0,0.0,1.0,-76.0,840.0
1581,1610.0,2017-05-07,1689.0,0.0,1.0,-75.0,840.0
1582,1609.0,2017-05-08,1690.0,1.0,1.0,-76.0,840.0
1583,1614.0,2017-05-10,1692.0,2.0,1.0,-62.0,820.0
1584,1612.0,2017-05-11,1693.0,2.0,1.0,-76.0,840.0
1585,1613.0,2017-05-12,1694.0,3.0,1.0,-76.0,840.0
1586,1611.0,2017-05-13,1695.0,3.0,1.0,-77.0,840.0
1587,1615.0,2017-05-14,1696.0,4.0,1.0,-75.0,841.0
1588,1616.0,2017-05-15,1697.0,4.0,1.0,-77.0,841.0
1589,1618.0,2017-05-16,1698.0,5.0,1.0,-77.0,842.0
1590,1617.0,2017-05-17,1699.0,5.0,1.0,-76.0,843.0
1591,1619.0,2017-05-18,1700.0,6.0,1.0,-76.0,842.0
1592,1620.0,2017-05-19,1701.0,6.0,1.0,-76.0,841.0
1593,1621.0,2017-05-20,1702.0,7.0,1.0,-75.0,842.0
1594,1622.0,2017-05-21,1703.0,7.0,1.0,-76.0,843.0
1595,1625.0,2017-05-22,1704.0,8.0,1.0,-77.0,844.0
1596,1623.0,2017-05-23,1705.0,8.0,1.0,-76.0,845.0
1597,1624.0,2017-05-24,1706.0,9.0,1.0,-77.0,845.0
1598,1627.0,2017-05-26,1707.0,9.0,1.0,-77.0,846.0
1599,1626.0,2017-05-27,1708.0,10.0,1.0,-76.0,846.0
1600,1628.0,2017-05-28,1709.0,10.0,1.0,-76.0,847.0
1601,1629.0,2017-05-29,1710.0,11.0,1.0,-76.0,848.0
1602,1631.0,2017-05-30,1711.0,11.0,1.0,-75.0,848.0
1603,1630.0,2017-05-31,1712.0,12.0,1.0,-77.0,849.0
1604,1635.0,2017-06-01,1713.0,12.0,1.0,-75.0,850.0
1605,1633.0,2017-06-02,1714.0,13.0,1.0,-77.0,849.0
1606,1634.0,2017-06-03,1715.0,13.0,1.0,-77.0,851.0
1607,1632.0,2017-06-04,1716.0,14.0,1.0,-76.0,850.0
1608,1636.0,2017-06-05,1717.0,14.0,1.0,-76.0,851.0
1609,1637.0,2017-06-06,1718.0,15.0,1.0,-77.0,852.0
1610,1639.0,2017-06-07,1719.0,15.0,1.0,-77.0,853.0
1611,1638.0,2017-06-08,1720.0,16.0,1.0,-76.0,853.0
1612,1641.0,2017-06-09,1721.0,16.0,1.0,-76.0,852.0
1613,1640.0,2017-06-10,1722.0,17.0,1.0,-77.0,854.0
1614,1642.0,2017-06-11,1723.0,17.0,1.0,-76.0,854.0
1615,1643.0,2017-06-12,1724.0,18.0,1.0,-77.0,856.0
1616,1644.0,2017-06-13,1725.0,18.0,1.0,-79.0,857.0
1617,1645.0,2017-06-14,1726.0,19.0,1.0,-76.0,855.0
1618,1647.0,2017-06-15,1727.0,19.0,1.0,-75.0,855.0
1619,1648.0,2017-06-16,1728.0,20.0,1.0,-76.0,855.0
1620,1646.0,2017-06-17,1729.0,20.0,1.0,-76.0,858.0
1621,1650.0,2017-06-18,1730.0,21.0,1.0,-77.0,858.0
1622,1649.0,2017-06-19,1731.0,21.0,1.0,-78.0,857.0
1623,1651.0,2017-06-20,1732.0,22.0,1.0,-78.0,858.0
1624,1652.0,2017-06-21,1733.0,22.0,1.0,-77.0,859.0
1625,1655.0,2017-06-22,1734.0,23.0,1.0,-78.0,859.0
1626,1653.0,2017-06-23,1735.0,23.0,1.0,-78.0,861.0
1627,1654.0,2017-06-24,1736.0,23.0,1.0,-77.0,860.0
1628,1656.0,2017-06-25,1737.0,24.0,1.0,-78.0,861.0
1629,1657.0,2017-06-26,1738.0,24.0,1.0,-78.0,861.0
1630,1658.0,2017-06-27,1739.0,25.0,1.0,-77.0,861.0
1631,1662.0,2017-06-28,1740.0,25.0,1.0,-78.0,861.0
1632,1659.0,2017-06-29,1741.0,26.0,1.0,-78.0,863.0
1633,1661.0,2017-06-30,1742.0,26.0,1.0,-77.0,865.0
1634,1660.0,2017-07-02,1743.0,27.0,1.0,-78.0,863.0
1635,1663.0,2017-07-03,1744.0,27.0,1.0,-78.0,863.0
1636,1664.0,2017-07-04,1745.0,28.0,1.0,-78.0,865.0
1637,1665.0,2017-07-05,1746.0,28.0,1.0,-76.0,866.0
1638,1666.0,2017-07-06,1747.0,29.0,1.0,-79.0,866.0
1639,1668.0,2017-07-07,1748.0,29.0,1.0,-79.0,867.0
1640,1667.0,2017-07-08,1749.0,30.0,2.0,-76.0,867.0
1641,1669.0,2017-07-09,1750.0,30.0,2.0,-77.0,867.0
1642,1670.0,2017-07-10,1751.0,31.0,2.0,-78.0,867.0
1643,1671.0,2017-07-11,1752.0,31.0,2.0,-80.0,867.0
1644,1672.0,2017-07-12,1753.0,32.0,2.0,-76.0,868.0
1645,1673.0,2017-07-13,1754.0,32.0,2.0,-78.0,870.0
1646,1674.0,2017-07-14,1755.0,32.0,2.0,-77.0,870.0
1647,1675.0,2017-07-15,1756.0,33.0,2.0,-78.0,871.0
1648,1676.0,2017-07-16,1757.0,33.0,2.0,-78.0,871.0
1649,1677.0,2017-07-17,1758.0,34.0,2.0,-78.0,871.0
1650,1678.0,2017-07-18,1759.0,34.0,2.0,-77.0,871.0
1651,1679.0,2017-07-19,1760.0,35.0,2.0,-78.0,872.0
1652,1684.0,2017-07-20,1761.0,35.0,2.0,-77.0,872.0
1653,1687.0,2017-07-21,1762.0,36.0,2.0,-77.0,872.0
1654,1680.0,2017-07-22,1763.0,36.0,2.0,-78.0,873.0
1655,1682.0,2017-07-23,1764.0,37.0,2.0,-79.0,872.0
1656,1690.0,2017-07-24,1765.0,37.0,2.0,-77.0,873.0
1657,1688.0,2017-07-25,1766.0,38.0,2.0,-79.0,873.0
1658,1691.0,2017-07-26,1767.0,38.0,2.0,-77.0,874.0
1659,1683.0,2017-07-27,1768.0,39.0,2.0,-78.0,875.0
1660,1689.0,2017-07-28,1769.0,39.0,2.0,-76.0,875.0
1661,1686.0,2017-07-29,1770.0,39.0,2.0,-79.0,875.0
1662,1692.0,2017-07-30,1771.0,40.0,2.0,-79.0,876.0
1663,1681.0,2017-07-31,1772.0,40.0,2.0,-78.0,876.0
1664,1685.0,2017-08-01,1773.0,41.0,2.0,-78.0,876.0
1665,1693.0,2017-08-02,1774.0,41.0,2.0,-79.0,877.0
1666,1694.0,2017-08-03,1775.0,42.0,2.0,-80.0,877.0
1667,1696.0,2017-08-04,1776.0,42.0,2.0,-79.0,877.0
1668,1695.0,2017-08-05,1777.0,43.0,2.0,-79.0,877.0
1669,1697.0,2017-08-06,1778.0,43.0,2.0,-81.0,877.0
1670,1698.0,2017-08-07,1779.0,44.0,2.0,-78.0,878.0
1671,1699.0,2017-08-09,1780.0,44.0,2.0,-77.0,879.0
1672,1700.0,2017-08-10,1781.0,45.0,2.0,-78.0,879.0
1673,1701.0,2017-08-11,1782.0,45.0,2.0,-78.0,878.0
1674,1703.0,2017-08-12,1783.0,45.0,2.0,-79.0,879.0
1675,1702.0,2017-08-13,1784.0,46.0,2.0,-80.0,883.0
1676,1704.0,2017-08-14,1785.0,46.0,2.0,-77.0,881.0
1677,1705.0,2017-08-16,1787.0,47.0,2.0,-79.0,881.0
1678,1706.0,2017-08-17,1788.0,48.0,2.0,-79.0,881.0
1679,1708.0,2017-08-18,1789.0,48.0,2.0,-79.0,881.0
1680,1707.0,2017-08-19,1790.0,49.0,2.0,-81.0,882.0
1681,1709.0,2017-08-20,1791.0,49.0,2.0,-79.0,882.0
1682,1710.0,2017-08-21,1792.0,50.0,2.0,-80.0,883.0
1683,1711.0,2017-08-22,1793.0,50.0,2.0,-80.0,883.0
1684,1712.0,2017-08-23,1794.0,50.0,2.0,-80.0,883.0
1685,1714.0,2017-08-24,1795.0,51.0,2.0,-81.0,882.0
1686,1715.0,2017-08-25,1796.0,51.0,2.0,-80.0,883.0
1687,1713.0,2017-08-26,1797.0,52.0,2.0,-79.0,884.0
1688,1716.0,2017-08-27,1798.0,52.0,2.0,-79.0,883.0
1689,1717.0,2017-08-28,1799.0,53.0,2.0,-78.0,883.0
1690,1718.0,2017-08-29,1800.0,53.0,2.0,-80.0,883.0
1691,1719.0,2017-08-30,1801.0,54.0,2.0,-80.0,882.0
1692,1722.0,2017-08-31,1802.0,54.0,2.0,-79.0,882.0
1693,1723.0,2017-09-01,1803.0,55.0,2.0,-78.0,882.0
1694,1720.0,2017-09-02,1804.0,55.0,2.0,-78.0,883.0
1695,1721.0,2017-09-03,1805.0,55.0,2.0,-78.0,883.0
1696,1724.0,2017-09-04,1806.0,56.0,2.0,-80.0,884.0
1697,1725.0,2017-09-05,1807.0,56.0,2.0,-78.0,884.0
1698,1726.0,2017-09-06,1808.0,57.0,2.0,-79.0,884.0
1699,1728.0,2017-09-07,1809.0,57.0,2.0,-80.0,884.0
1700,1729.0,2017-09-08,1810.0,58.0,2.0,-78.0,883.0
1701,1727.0,2017-09-09,1811.0,58.0,2.0,-79.0,882.0
1702,1730.0,2017-09-10,1812.0,59.0,2.0,-79.0,882.0
1703,1731.0,2017-09-11,1813.0,59.0,2.0,-80.0,881.0
1704,1732.0,2017-09-12,1814.0,59.0,2.0,-80.0,881.0
1705,1733.0,2017-09-13,1815.0,60.0,3.0,-81.0,881.0
1706,1734.0,2017-09-15,1816.0,60.0,3.0,-82.0,882.0
1707,1735.0,2017-09-16,1817.0,61.0,3.0,-80.0,882.0
1708,1736.0,2017-09-17,1818.0,61.0,3.0,-81.0,881.0
1709,1737.0,2017-09-18,1819.0,62.0,3.0,-82.0,880.0
1710,1738.0,2017-09-19,1820.0,62.0,3.0,-79.0,881.0
1711,1740.0,2017-09-20,1821.0,63.0,3.0,-81.0,882.0
1712,1739.0,2017-09-21,1822.0,63.0,3.0,-78.0,881.0
1713,1743.0,2017-09-22,1823.0,64.0,3.0,-80.0,879.0
1714,1742.0,2017-09-23,1824.0,64.0,3.0,-80.0,879.0
1715,1741.0,2017-09-24,1825.0,64.0,3.0,-80.0,878.0
1716,1744.0,2017-09-25,1826.0,65.0,3.0,-80.0,878.0
1717,1745.0,2017-09-26,1827.0,65.0,3.0,-80.0,879.0
1718,1746.0,2017-09-27,1828.0,66.0,3.0,-80.0,878.0
1719,1749.0,2017-09-28,1829.0,66.0,3.0,-78.0,877.0
1720,1748.0,2017-09-29,1830.0,67.0,3.0,-80.0,877.0
1721,1747.0,2017-09-30,1831.0,67.0,3.0,-80.0,876.0
1722,1750.0,2017-10-01,1832.0,68.0,3.0,-84.0,875.0
1723,1751.0,2017-10-02,1833.0,68.0,3.0,-81.0,875.0
1724,1752.0,2017-10-03,1834.0,68.0,3.0,-80.0,875.0
1725,1753.0,2017-10-04,1835.0,69.0,3.0,-80.0,873.0
1726,1755.0,2017-10-05,1836.0,69.0,3.0,-81.0,873.0
1727,1756.0,2017-10-06,1837.0,70.0,3.0,-81.0,872.0
1728,1754.0,2017-10-07,1838.0,70.0,3.0,-79.0,872.0
1729,1757.0,2017-10-08,1839.0,71.0,3.0,-80.0,872.0
1730,1758.0,2017-10-09,1840.0,71.0,3.0,-77.0,871.0
1731,1759.0,2017-10-10,1841.0,72.0,3.0,-77.0,870.0
1732,1761.0,2017-10-11,1842.0,72.0,3.0,-79.0,869.0
1733,1760.0,2017-10-12,1843.0,72.0,3.0,-80.0,869.0
1734,1762.0,2017-10-13,1844.0,73.0,3.0,-81.0,869.0
1735,1763.0,2017-10-14,1845.0,73.0,3.0,-80.0,868.0
1736,1765.0,2017-10-15,1846.0,74.0,3.0,-80.0,868.0
1737,1764.0,2017-10-16,1847.0,74.0,3.0,-80.0,866.0
1738,1766.0,2017-10-17,1848.0,75.0,3.0,-80.0,865.0
1739,1770.0,2017-10-18,1849.0,75.0,3.0,-80.0,864.0
1740,1768.0,2017-10-19,1850.0,76.0,3.0,-80.0,864.0
1741,1767.0,2017-10-20,1851.0,76.0,3.0,-87.0,864.0
1742,1769.0,2017-10-22,1852.0,77.0,3.0,-80.0,863.0
1743,1771.0,2017-10-23,1853.0,77.0,3.0,-80.0,862.0
1744,1772.0,2017-10-24,1854.0,77.0,3.0,-80.0,861.0
1745,1773.0,2017-10-25,1855.0,78.0,3.0,-78.0,861.0
1746,1774.0,2017-10-26,1856.0,78.0,3.0,-80.0,859.0
1747,1776.0,2017-10-27,1857.0,79.0,3.0,-80.0,858.0
1748,1775.0,2017-10-28,1858.0,79.0,3.0,-81.0,857.0
1749,1779.0,2017-10-29,1859.0,80.0,3.0,-79.0,857.0
1750,1778.0,2017-10-30,1860.0,80.0,3.0,-80.0,857.0
1751,1780.0,2017-10-31,1861.0,81.0,3.0,-79.0,855.0
1752,1777.0,2017-11-01,1862.0,81.0,3.0,-81.0,854.0
1753,1781.0,2017-11-02,1863.0,81.0,3.0,-80.0,853.0
1754,1782.0,2017-11-03,1864.0,82.0,3.0,-82.0,852.0
1755,1783.0,2017-11-04,1865.0,82.0,3.0,-80.0,852.0
1756,1785.0,2017-11-05,1866.0,83.0,3.0,-80.0,850.0
1757,1784.0,2017-11-06,1867.0,83.0,3.0,-78.0,848.0
1758,1786.0,2017-11-07,1868.0,84.0,3.0,-80.0,848.0
1759,1787.0,2017-11-08,1869.0,84.0,3.0,-81.0,846.0
1760,1788.0,2017-11-09,1870.0,85.0,3.0,-81.0,845.0
1761,1789.0,2017-11-10,1871.0,85.0,3.0,-80.0,844.0
1762,1791.0,2017-11-11,1872.0,86.0,3.0,-79.0,843.0
1763,1790.0,2017-11-12,1873.0,86.0,3.0,-79.0,842.0
1764,1792.0,2017-11-13,1874.0,86.0,3.0,-80.0,840.0
1765,1793.0,2017-11-14,1875.0,87.0,3.0,-79.0,839.0
1766,1794.0,2017-11-15,1876.0,87.0,3.0,-79.0,838.0
1767,1797.0,2017-11-16,1877.0,88.0,3.0,-79.0,837.0
1768,1795.0,2017-11-17,1878.0,88.0,3.0,-79.0,835.0
1769,1796.0,2017-11-18,1879.0,89.0,3.0,-79.0,834.0
1770,1798.0,2017-11-19,1880.0,89.0,3.0,-79.0,833.0
1771,1803.0,2017-11-20,1881.0,90.0,4.0,-79.0,832.0
1772,1801.0,2017-11-21,1882.0,90.0,4.0,-78.0,831.0
1773,1800.0,2017-11-22,1883.0,91.0,4.0,-78.0,830.0
1774,1799.0,2017-11-23,1884.0,91.0,4.0,-79.0,829.0
1775,1804.0,2017-11-24,1885.0,91.0,4.0,-79.0,827.0
1776,1805.0,2017-11-25,1886.0,92.0,4.0,-79.0,826.0
1777,1802.0,2017-11-26,1887.0,92.0,4.0,-79.0,824.0
1778,1807.0,2017-11-27,1888.0,93.0,4.0,-79.0,823.0
1779,1806.0,2017-11-29,1889.0,93.0,4.0,-80.0,822.0
1780,1808.0,2017-11-30,1890.0,94.0,4.0,-79.0,821.0
1781,1810.0,2017-12-01,1891.0,94.0,4.0,-80.0,819.0
1782,1809.0,2017-12-02,1892.0,95.0,4.0,-81.0,817.0
1783,1812.0,2017-12-03,1893.0,95.0,4.0,-79.0,816.0
1784,1811.0,2017-12-04,1894.0,96.0,4.0,-79.0,815.0
1785,1814.0,2017-12-05,1895.0,96.0,4.0,-78.0,814.0
1786,1813.0,2017-12-06,1896.0,96.0,4.0,-79.0,812.0
1787,1817.0,2017-12-07,1897.0,97.0,4.0,-80.0,811.0
1788,1816.0,2017-12-08,1898.0,97.0,4.0,-81.0,810.0
1789,1815.0,2017-12-09,1899.0,98.0,4.0,-81.0,808.0
1790,1818.0,2017-12-10,1900.0,98.0,4.0,-81.0,807.0
1791,1819.0,2017-12-11,1901.0,99.0,4.0,-81.0,806.0
1792,1820.0,2017-12-12,1902.0,99.0,4.0,-79.0,804.0
1793,1821.0,2017-12-13,1903.0,100.0,4.0,-78.0,803.0
1794,1822.0,2017-12-14,1904.0,100.0,4.0,-79.0,801.0
1795,1823.0,2017-12-15,1905.0,101.0,4.0,-80.0,800.0
1796,1824.0,2017-12-16,1906.0,101.0,4.0,-79.0,799.0
1797,1825.0,2017-12-17,1907.0,101.0,4.0,-79.0,798.0
1798,1826.0,2017-12-18,1908.0,102.0,4.0,-79.0,796.0
1799,1827.0,2017-12-19,1909.0,102.0,4.0,-80.0,795.0
1800,1828.0,2017-12-20,1910.0,103.0,4.0,-80.0,794.0
1801,1833.0,2017-12-21,1911.0,103.0,4.0,-79.0,792.0
1802,1832.0,2017-12-22,1912.0,104.0,4.0,-80.0,791.0
1803,1830.0,2017-12-23,1913.0,104.0,4.0,-79.0,791.0
1804,1834.0,2017-12-24,1914.0,105.0,4.0,-78.0,790.0
1805,1835.0,2017-12-25,1915.0,105.0,4.0,-78.0,788.0
1806,1829.0,2017-12-26,1916.0,106.0,4.0,-79.0,787.0
1807,1831.0,2017-12-27,1917.0,106.0,4.0,-80.0,786.0
1808,1839.0,2017-12-28,1918.0,107.0,4.0,-77.0,784.0
1809,1836.0,2017-12-29,1919.0,107.0,4.0,-77.0,783.0
1810,1837.0,2017-12-30,1920.0,108.0,4.0,-77.0,782.0
1811,1838.0,2017-12-31,1921.0,108.0,4.0,-78.0,781.0
1812,1840.0,2018-01-01,1922.0,108.0,4.0,-79.0,780.0
1813,1842.0,2018-01-02,1923.0,109.0,4.0,-77.0,778.0
1814,1841.0,2018-01-03,1924.0,109.0,4.0,-78.0,777.0
1815,1844.0,2018-01-05,1925.0,110.0,4.0,-79.0,777.0
1816,1843.0,2018-01-06,1926.0,110.0,4.0,-80.0,775.0
1817,1845.0,2018-01-07,1927.0,111.0,4.0,-79.0,774.0
1818,1847.0,2018-01-08,1928.0,111.0,4.0,-78.0,773.0
1819,1846.0,2018-01-09,1929.0,112.0,4.0,-79.0,771.0
1820,1848.0,2018-01-10,1930.0,112.0,4.0,-79.0,770.0
1821,1849.0,2018-01-11,1931.0,113.0,4.0,-79.0,770.0
1822,1850.0,2018-01-12,1932.0,113.0,4.0,-79.0,768.0
1823,1852.0,2018-01-13,1933.0,114.0,4.0,-78.0,767.0
1824,1851.0,2018-01-14,1934.0,114.0,4.0,-79.0,766.0
1825,1853.0,2018-01-15,1935.0,115.0,4.0,-80.0,765.0
1826,1855.0,2018-01-16,1936.0,115.0,4.0,-79.0,764.0
1827,1854.0,2018-01-17,1937.0,116.0,4.0,-80.0,763.0
1828,1859.0,2018-01-18,1938.0,116.0,4.0,-78.0,762.0
1829,1857.0,2018-01-19,1939.0,116.0,4.0,-78.0,760.0
1830,1858.0,2018-01-20,1940.0,117.0,4.0,-77.0,759.0
1831,1856.0,2018-01-21,1941.0,117.0,4.0,-77.0,758.0
1832,1860.0,2018-01-22,1942.0,118.0,4.0,-78.0,757.0
1833,1863.0,2018-01-23,1943.0,118.0,4.0,-78.0,756.0
1834,1861.0,2018-01-24,1944.0,119.0,4.0,-80.0,755.0
1835,1862.0,2018-01-25,1945.0,119.0,4.0,-78.0,754.0
1836,1864.0,2018-01-26,1946.0,120.0,5.0,-79.0,753.0
1837,1865.0,2018-01-27,1947.0,120.0,5.0,-78.0,751.0
1838,1866.0,2018-01-28,1948.0,121.0,5.0,-78.0,752.0
1839,1867.0,2018-01-29,1949.0,121.0,5.0,-78.0,751.0
1840,1868.0,2018-01-30,1950.0,122.0,5.0,-79.0,750.0
1841,1869.0,2018-01-31,1951.0,122.0,5.0,-77.0,749.0
1842,1871.0,2018-02-01,1952.0,123.0,5.0,-80.0,748.0
1843,1870.0,2018-02-02,1953.0,123.0,5.0,-78.0,747.0
1844,1872.0,2018-02-03,1954.0,124.0,5.0,-77.0,745.0
1845,1873.0,2018-02-04,1955.0,124.0,5.0,-77.0,745.0
1846,1879.0,2018-02-05,1956.0,125.0,5.0,-79.0,744.0
1847,1875.0,2018-02-06,1957.0,125.0,5.0,-77.0,742.0
1848,1874.0,2018-02-07,1958.0,126.0,5.0,-77.0,741.0
1849,1878.0,2018-02-08,1959.0,126.0,5.0,-78.0,740.0
1850,1876.0,2018-02-09,1960.0,127.0,5.0,-78.0,740.0
1851,1877.0,2018-02-11,1961.0,127.0,5.0,-77.0,740.0
1852,1880.0,2018-02-12,1962.0,128.0,5.0,-78.0,738.0
1853,1881.0,2018-02-13,1963.0,128.0,5.0,-77.0,737.0
1854,1882.0,2018-02-14,1964.0,129.0,5.0,-76.0,736.0
1855,1883.0,2018-02-15,1965.0,129.0,5.0,-76.0,735.0
1856,1884.0,2018-02-16,1966.0,130.0,5.0,-77.0,735.0
1857,1885.0,2018-02-17,1967.0,130.0,5.0,-76.0,734.0
1858,1886.0,2018-02-18,1968.0,131.0,5.0,-76.0,732.0
1859,1887.0,2018-02-19,1969.0,131.0,5.0,-76.0,732.0
1860,1888.0,2018-02-20,1970.0,132.0,5.0,-77.0,731.0
1861,1890.0,2018-02-21,1971.0,132.0,5.0,-78.0,731.0
1862,1891.0,2018-02-22,1972.0,133.0,5.0,-78.0,730.0
1863,1889.0,2018-02-23,1973.0,133.0,5.0,-78.0,730.0
1864,1892.0,2018-02-24,1974.0,134.0,5.0,-77.0,729.0
1865,1894.0,2018-02-25,1975.0,134.0,5.0,-76.0,729.0
1866,1893.0,2018-02-26,1976.0,135.0,5.0,-77.0,728.0
1867,1895.0,2018-02-27,1977.0,135.0,5.0,-77.0,727.0
